Workbook

Sheet EDT
A1: EDT del Momento 2 — Patient Progress Auditor
A2: Horas y días son una propuesta de Claude: una persona con ayuda de IA, incluye revisar y probar, ninguna tarea pasa de 4 h. Se congela el jueves 29 (tag m2-entrega); el viernes no se integra nada nuevo.
B3: TOTAL de la EDT (sin tareas recortadas) | K3: =K7+K15+K30+K35+K41+K51+K55+K62+K76+K87+K93+K97+K104+K112+K122 -> 185 | L3: =L7+L15+L30+L35+L41+L51+L55+L62+L76+L87+L93+L97+L104+L112+L122 -> 0 | N3: =IFERROR((K7*N7+K15*N15+K30*N30+K35*N35+K41*N41+K51*N51+K55*N55+K62*N62+K76*N76+K87*N87+K93*N93+K97*N97+K104*N104+K112*N112+K122*N122)/K3,0) -> 0
B4: Leyenda · Amarillo = lo llena el equipo (Responsable, Horas reales, Estado, Notas) | C4: Texto azul = propuesta de Claude que se puede cambiar (Frente, Hito, Prioridad, Día, Horas est.) | D4: Estado «Recortada» = la tarea sale de todos los totales y del Cronograma
A6: ID | B6: Tarea | C6: Entregable | D6: Frente | E6: Responsable | F6: Requisitos | G6: Hito | H6: Prioridad | I6: Depende de | J6: Día | K6: Horas est. | L6: Horas reales | M6: Estado | N6: Avance | O6: Criterio de aceptación (sí/no) | P6: Notas
A7: 1 | B7: Arranque en frío y plataforma | C7: La app levanta con un comando en una máquina limpia, sin pasos manuales: es la puerta de aceptación del profesor | D7: A · Plataforma y datos | K7: =SUMIFS(K8:K14,M8:M14,"<>Recortada") -> 9.5 | L7: =SUM(L8:L14) -> 0 | M7: =IF(COUNTIF(M8:M14,"Recortada")=COUNTA(M8:M14),"Recortada",IF(COUNTIF(M8:M14,"Hecha")+COUNTIF(M8:M14,"Recortada")=COUNTA(M8:M14),"Hecha",IF(COUNTIF(M8:M14,"Bloqueada")>0,"Bloqueada",IF(COUNTIF(M8:M14,"En curso")+COUNTIF(M8:M14,"Hecha")>0,"En curso","Pendiente")))) -> Pendiente | N7: =IFERROR(SUMPRODUCT((M8:M14<>"Recortada")*K8:K14*N8:N14)/K7,0) -> 0
A8: 1.1 | B8: Quitar la exigencia de JWT_SECRET en el Momento 2 | C8: application.yml, .env.example y la cadena de seguridad sin token: el backend arranca sin JWT_SECRET y las rutas /api no piden token | D8: A · Plataforma y datos | F8: D23, D26, RNF-13 | G8: M2-N | H8: 1 · Imprescindible | I8: — | J8: Mié 28 | K8: 1 | M8: Pendiente | N8: =IF(M8="Hecha",1,IF(M8="En curso",0.5,0)) -> 0 | O8: ¿El backend arranca sin JWT_SECRET y responde en /api sin token?
A9: 1.2 | B9: Dockerfile del backend con CMD | C9: Imagen multi-etapa con Java 17 que compila y arranca el jar | D9: A · Plataforma y datos | F9: D9, D22 | G9: M2-N | H9: 1 · Imprescindible | I9: 1.1 | J9: Mié 28 | K9: 1 | M9: Pendiente | N9: =IF(M9="Hecha",1,IF(M9="En curso",0.5,0)) -> 0 | O9: ¿La imagen del backend arranca sola con docker run?
A10: 1.3 | B10: Dockerfile del frontend multi-etapa | C10: Build de Angular con Node 20 servido con nginx; la URL del API es configurable | D10: A · Plataforma y datos | F10: D22 | G10: M2-N | H10: 1 · Imprescindible | I10: — | J10: Mié 28 | K10: 1.5 | M10: Pendiente | N10: =IF(M10="Hecha",1,IF(M10="En curso",0.5,0)) -> 0 | O10: ¿La imagen sirve la app y esta llama al backend?
A11: 1.4 | B11: docker-compose.yml | C11: PostgreSQL con imagen y versión fijadas, backend y frontend, con healthchecks y orden de arranque | D11: A · Plataforma y datos | F11: D22, RNF-13 | G11: M2-N | H11: 1 · Imprescindible | I11: 1.2, 1.3 | J11: Mié 28 | K11: 2 | M11: Pendiente | N11: =IF(M11="Hecha",1,IF(M11="En curso",0.5,0)) -> 0 | O11: ¿docker compose up --build deja los tres servicios sanos?
A12: 1.5 | B12: .env.example | C12: Variables exactas (DB_PASSWORD, llave del proveedor y del respaldo, APP_SEED_DEMO, API_URL), sin llaves reales | D12: A · Plataforma y datos | F12: D22, RNF-01, RNF-13 | G12: M2-N | H12: 1 · Imprescindible | I12: — | J12: Mié 28 | K12: 0.5 | M12: Pendiente | N12: =IF(M12="Hecha",1,IF(M12="En curso",0.5,0)) -> 0 | O12: ¿Toda variable que usa el código está documentada y ninguna es una llave real?
A13: 1.6 | B13: run.sh | C13: Verifica Docker, crea .env, genera DB_PASSWORD, resuelve la llave (entorno; consola solo si hay terminal; si no, arranca y avisa) y ejecuta docker compose up --build | D13: A · Plataforma y datos | F13: D22, RNF-13 | G13: M2-N | H13: 1 · Imprescindible | I13: 1.4, 1.5 | J13: Mié 28 | K13: 2 | M13: Pendiente | N13: =IF(M13="Hecha",1,IF(M13="En curso",0.5,0)) -> 0 | O13: ¿Sin terminal y sin llave arranca igual en vez de quedarse esperando?
A14: 1.7 | B14: Aviso de llave faltante en la app | C14: Estado del proveedor en el backend y banner claro en la interfaz cuando falta la llave | D14: AB · Compartida | F14: D22, RNF-04 | G14: M2-N | H14: 1 · Imprescindible | I14: 7.2 | J14: Jue 29 | K14: 1.5 | M14: Pendiente | N14: =IF(M14="Hecha",1,IF(M14="En curso",0.5,0)) -> 0 | O14: ¿Sin llave la app avisa con claridad y no muestra un error crudo?
A15: 2 | B15: Modelo de datos, roles y semilla | C15: Esquema Flyway V3 y V4 según DICCIONARIO_DATOS_M2, entidades y datos de demostración (D11) | D15: A · Plataforma y datos | K15: =SUMIFS(K16:K29,M16:M29,"<>Recortada") -> 22 | L15: =SUM(L16:L29) -> 0 | M15: =IF(COUNTIF(M16:M29,"Recortada")=COUNTA(M16:M29),"Recortada",IF(COUNTIF(M16:M29,"Hecha")+COUNTIF(M16:M29,"Recortada")=COUNTA(M16:M29),"Hecha",IF(COUNTIF(M16:M29,"Bloqueada")>0,"Bloqueada",IF(COUNTIF(M16:M29,"En curso")+COUNTIF(M16:M29,"Hecha")>0,"En curso","Pendiente")))) -> Pendiente | N15: =IFERROR(SUMPRODUCT((M16:M29<>"Recortada")*K16:K29*N16:N29)/K15,0) -> 0
A16: 2.1 | B16: V3: tablas de usuarios y entradas | C16: app_users ajustada y patients, entries y entry_events, con sus CHECK e índices (DICCIONARIO_DATOS_M2 §4.1 a §4.5) | D16: A · Plataforma y datos | F16: RF-01, RF-02, RF-06 | G16: M2-N | H16: 1 · Imprescindible | I16: — | J16: Mié 28 | K16: 1.5 | M16: Pendiente | N16: =IF(M16="Hecha",1,IF(M16="En curso",0.5,0)) -> 0 | O16: ¿Flyway crea las tablas y el CHECK rechaza un síntoma fuera del catálogo?
A17: 2.2 | B17: V3: tablas de informes | C17: reports, report_versions, report_citations y monthly_report_weeks (§4.7 a §4.10) | D17: A · Plataforma y datos | F17: RF-08, RF-25, RF-36 | G17: M2-N | H17: 1 · Imprescindible | I17: 2.1 | J17: Mié 28 | K17: 1.5 | M17: Pendiente | N17: =IF(M17="Hecha",1,IF(M17="En curso",0.5,0)) -> 0 | O17: ¿Un informe que no empieza en lunes es rechazado por la BD?
A18: 2.3 | B18: V3: tablas del agente | C18: agent_runs y agent_steps (§4.11 y §4.12) | D18: A · Plataforma y datos | F18: RF-22, D24 | G18: M2-N | H18: 1 · Imprescindible | I18: 2.1 | J18: Mié 28 | K18: 1 | M18: Pendiente | N18: =IF(M18="Hecha",1,IF(M18="En curso",0.5,0)) -> 0 | O18: ¿Una ejecución guarda sus pasos ordenados por seq?
A19: 2.4 | B19: V3: tablas de «si hay tiempo» | C19: entry_versions y audit_logs (§4.6 y §4.13) | D19: A · Plataforma y datos | F19: RF-03, RF-35 | G19: M2-S | H19: 3 · Si hay tiempo | I19: 2.1 | J19: Jue 29 | K19: 1 | M19: Pendiente | N19: =IF(M19="Hecha",1,IF(M19="En curso",0.5,0)) -> 0 | O19: ¿Las dos tablas existen y se pueden escribir?
A20: 2.5 | B20: V4: roles y permisos del dominio | C20: ENFERMERIA, MEDICO y AGENTE y los permisos de §3.4 con sus asignaciones; UUID fijos y ON CONFLICT DO NOTHING | D20: A · Plataforma y datos | F20: RF-32, RN-02 | G20: M2-N | H20: 1 · Imprescindible | I20: 2.1 | J20: Mié 28 | K20: 1.5 | M20: Pendiente | N20: =IF(M20="Hecha",1,IF(M20="En curso",0.5,0)) -> 0 | O20: ¿Solo ENFERMERIA tiene REPORTS_APPROVE?
A21: 2.6 | B21: Entidades y repositorios | C21: Clases JPA y repositorios de las tablas del núcleo | D21: A · Plataforma y datos | F21: DICCIONARIO_DATOS_M2 §4 | G21: M2-N | H21: 1 · Imprescindible | I21: 2.1, 2.2, 2.3 | J21: Mié 28 | K21: 2 | M21: Pendiente | N21: =IF(M21="Hecha",1,IF(M21="En curso",0.5,0)) -> 0 | O21: ¿Los repositorios leen y escriben las tablas del núcleo en una prueba?
A22: 2.7 | B22: Semilla: usuarios de demostración | C22: ApplicationRunner idempotente con 4 usuarios (2 de enfermería y 2 médicos); solo con APP_SEED_DEMO=true y nunca en prod | D22: A · Plataforma y datos | F22: RF-05, RF-39, D23 | G22: M2-N | H22: 1 · Imprescindible | I22: 2.5, 2.6 | J22: Mié 28 | K22: 2 | M22: Pendiente | N22: =IF(M22="Hecha",1,IF(M22="En curso",0.5,0)) -> 0 | O22: ¿Reiniciar dos veces no duplica y el perfil prod rechaza la semilla?
A23: 2.8 | B23: Datos del paciente 1 | C23: 5 semanas (unas 35 entradas con eventos confirmados); un síntoma que reaparece en las semanas 1, 3 y 5 | D23: A · Plataforma y datos | F23: D11, OBJ-02 | G23: M2-N | H23: 1 · Imprescindible | I23: 2.7 | J23: Mié 28 | K23: 2.5 | M23: Pendiente | N23: =IF(M23="Hecha",1,IF(M23="En curso",0.5,0)) -> 0 | O23: ¿Existen las 5 semanas y el síntoma reaparece donde dice D11?
A24: 2.9 | B24: Datos del paciente 2 | C24: 4 semanas; la semana 4 queda sin informe | D24: A · Plataforma y datos | F24: D11 | G24: M2-N | H24: 2 · Núcleo | I24: 2.7 | J24: Jue 29 | K24: 2 | M24: Pendiente | N24: =IF(M24="Hecha",1,IF(M24="En curso",0.5,0)) -> 0 | O24: ¿Existen las 4 semanas con sus eventos confirmados?
A25: 2.10 | B25: Datos del paciente 3 | C25: 3 semanas con días sin registro y una semana con pocas entradas | D25: A · Plataforma y datos | F25: D11, RN-08 | G25: M2-N | H25: 2 · Núcleo | I25: 2.7 | J25: Jue 29 | K25: 1.5 | M25: Pendiente | N25: =IF(M25="Hecha",1,IF(M25="En curso",0.5,0)) -> 0 | O25: ¿El paciente tiene días sin registro y una semana con pocas entradas?
A26: 2.11 | B26: Datos del paciente 4 | C26: 4 semanas sin síntomas y con negaciones («sin vómito») | D26: A · Plataforma y datos | F26: D11, RN-11 | G26: M2-N | H26: 2 · Núcleo | I26: 2.7 | J26: Jue 29 | K26: 1.5 | M26: Pendiente | N26: =IF(M26="Hecha",1,IF(M26="En curso",0.5,0)) -> 0 | O26: ¿Las negaciones están en el texto y no generan eventos?
A27: 2.12 | B27: Datos del paciente 5 | C27: 2 semanas con una nota que trae una instrucción dentro del texto | D27: A · Plataforma y datos | F27: D11, RF-21 | G27: M2-N | H27: 2 · Núcleo | I27: 2.7 | J27: Jue 29 | K27: 1 | M27: Pendiente | N27: =IF(M27="Hecha",1,IF(M27="En curso",0.5,0)) -> 0 | O27: ¿Existe la nota con la instrucción y es texto sintético?
... A29: 2.14 | B29: Prueba de idempotencia de la semilla | C29: Reiniciar dos veces y comparar los conteos por tabla | D29: A · Plataforma y datos | F29: RF-05 | G29: M2-N | H29: 1 · Imprescindible | I29: 2.8 | J29: Jue 29 | K29: 0.5 | M29: Pendiente | N29: =IF(M29="Hecha",1,IF(M29="En curso",0.5,0)) -> 0 | O29: ¿Los conteos por tabla son iguales tras reiniciar?
A30: 3 | B30: Sesión de demostración y permisos (D26) | C30: Elegir un usuario de demostración y que el servidor aplique su rol, sin autenticación | D30: A · Plataforma y datos | K30: =SUMIFS(K31:K34,M31:M34,"<>Recortada") -> 7.5 | L30: =SUM(L31:L34) -> 0 | M30: =IF(COUNTIF(M31:M34,"Recortada")=COUNTA(M31:M34),"Recortada",IF(COUNTIF(M31:M34,"Hecha")+COUNTIF(M31:M34,"Recortada")=COUNTA(M31:M34),"Hecha",IF(COUNTIF(M31:M34,"Bloqueada")>0,"Bloqueada",IF(COUNTIF(M31:M34,"En curso")+COUNTIF(M31:M34,"Hecha")>0,"En curso","Pendiente")))) -> Pendiente | N30: =IFERROR(SUMPRODUCT((M31:M34<>"Recortada")*K31:K34*N31:N34)/K30,0) -> 0
A31: 3.1 | B31: API de usuarios de demostración y sesión | C31: Lista los usuarios sembrados; el elegido viaja en cada petición y el servidor toma de él rol e identidad | D31: A · Plataforma y datos | F31: D26, RF-32 | G31: M2-N | H31: 1 · Imprescindible | I31: 2.7 | J31: Mié 28 | K31: 2 | M31: Pendiente | N31: =IF(M31="Hecha",1,IF(M31="En curso",0.5,0)) -> 0 | O31: ¿Una petición sin usuario elegido se rechaza y con uno toma su rol?
A32: 3.2 | B32: Permisos por rol en el servidor | C32: La matriz de DICCIONARIO_DATOS_M2 §3.4 aplicada en los endpoints | D32: A · Plataforma y datos | F32: RF-32, RN-02 | G32: M2-N | H32: 1 · Imprescindible | I32: 3.1 | J32: Mié 28 | K32: 2 | M32: Pendiente | N32: =IF(M32="Hecha",1,IF(M32="En curso",0.5,0)) -> 0 | O32: ¿Cada rol hace exactamente lo que dice la matriz y nada más?
A33: 3.3 | B33: Pruebas automáticas de permisos | C33: El médico no aprueba ni ve informes pendientes; solo enfermería aprueba | D33: A · Plataforma y datos | F33: OBJ-05, RNF-11 | G33: M2-N | H33: 1 · Imprescindible | I33: 3.2, 9.4 | J33: Jue 29 | K33: 1.5 | M33: Pendiente | N33: =IF(M33="Hecha",1,IF(M33="En curso",0.5,0)) -> 0 | O33: ¿Pasan las tres pruebas: médico no aprueba, médico no ve pendientes, enfermería sí aprueba?
A34: 3.4 | B34: Pantalla de elección de usuario y guards por rol | C34: Elegir entre los usuarios sembrados, enviar el usuario en cada petición y limitar las rutas por rol | D34: A · Plataforma y datos | F34: D26 | G34: M2-N | H34: 1 · Imprescindible | I34: 3.1 | J34: Mié 28 | K34: 2 | M34: Pendiente | N34: =IF(M34="Hecha",1,IF(M34="En curso",0.5,0)) -> 0 | O34: ¿Se puede entrar como enfermería y como médico y cada uno ve solo sus rutas?
A35: 4 | B35: Pacientes y entradas | C35: Alta de pacientes, registro de entradas y consulta por fecha | D35: A · Plataforma y datos | K35: =SUMIFS(K36:K40,M36:M40,"<>Recortada") -> 8 | L35: =SUM(L36:L40) -> 0 | M35: =IF(COUNTIF(M36:M40,"Recortada")=COUNTA(M36:M40),"Recortada",IF(COUNTIF(M36:M40,"Hecha")+COUNTIF(M36:M40,"Recortada")=COUNTA(M36:M40),"Hecha",IF(COUNTIF(M36:M40,"Bloqueada")>0,"Bloqueada",IF(COUNTIF(M36:M40,"En curso")+COUNTIF(M36:M40,"Hecha")>0,"En curso","Pendiente")))) -> Pendiente | N35: =IFERROR(SUMPRODUCT((M36:M40<>"Recortada")*K36:K40*N36:N40)/K35,0) -> 0
A36: 4.1 | B36: API de pacientes | C36: Crear y listar; al LLM solo sale el id interno | D36: A · Plataforma y datos | F36: RF-01, RNF-02 | G36: M2-N | H36: 1 · Imprescindible | I36: 2.6 | J36: Mié 28 | K36: 1 | M36: Pendiente | N36: =IF(M36="Hecha",1,IF(M36="En curso",0.5,0)) -> 0 | O36: ¿Se crea un paciente con id interno y alias?
A37: 4.2 | B37: API de entradas | C37: Crear con el texto tal como se escribió, fecha y autor; listar por paciente y rango; varias el mismo día, ordenadas por hora | D37: A · Plataforma y datos | F37: RF-02, RF-04, RN-07, RN-09 | G37: M2-N | H37: 1 · Imprescindible | I37: 2.6 | J37: Mié 28 | K37: 2 | M37: Pendiente | N37: =IF(M37="Hecha",1,IF(M37="En curso",0.5,0)) -> 0 | O37: ¿El texto guardado es idéntico al enviado y el listado respeta el rango?
A38: 4.3 | B38: Pantalla: lista de pacientes y alta mínima | C38: Lista de pacientes y formulario de alta | D38: A · Plataforma y datos | F38: RF-01 | G38: M2-N | H38: 2 · Núcleo | I38: 3.4, 4.1 | J38: Mié 28 | K38: 1.5 | M38: Pendiente | N38: =IF(M38="Hecha",1,IF(M38="En curso",0.5,0)) -> 0 | O38: ¿Se ve la lista y se crea un paciente desde la pantalla?
A39: 4.4 | B39: Pantalla: historial del paciente | C39: Entradas por fecha con filtro de rango | D39: A · Plataforma y datos | F39: RF-04 | G39: M2-N | H39: 2 · Núcleo | I39: 4.2, 4.3 | J39: Mié 28 | K39: 2 | M39: Pendiente | N39: =IF(M39="Hecha",1,IF(M39="En curso",0.5,0)) -> 0 | O39: ¿El historial filtra por rango y ordena por fecha?
A40: 4.5 | B40: Pantalla de registro | C40: Texto y fecha; al enviar pide la propuesta de eventos (paquete 5) | D40: A · Plataforma y datos | F40: RF-02 | G40: M2-N | H40: 1 · Imprescindible | I40: 4.2, 3.4 | J40: Mié 28 | K40: 1.5 | M40: Pendiente | N40: =IF(M40="Hecha",1,IF(M40="En curso",0.5,0)) -> 0 | O40: ¿Se registra una entrada desde la pantalla?
A41: 5 | B41: Estructuración por IA al registrar (D27) | C41: La IA propone los eventos del texto y la persona los confirma antes de guardar | D41: B · Agente e informe | K41: =SUMIFS(K42:K50,M42:M50,"<>Recortada") -> 18.5 | L41: =SUM(L42:L50) -> 0 | M41: =IF(COUNTIF(M42:M50,"Recortada")=COUNTA(M42:M50),"Recortada",IF(COUNTIF(M42:M50,"Hecha")+COUNTIF(M42:M50,"Recortada")=COUNTA(M42:M50),"Hecha",IF(COUNTIF(M42:M50,"Bloqueada")>0,"Bloqueada",IF(COUNTIF(M42:M50,"En curso")+COUNTIF(M42:M50,"Hecha")>0,"En curso","Pendiente")))) -> Pendiente | N41: =IFERROR(SUMPRODUCT((M42:M50<>"Recortada")*K42:K50*N42:N50)/K41,0) -> 0
A42: 5.1 | B42: Esquema y prompt de la propuesta | C42: JSON con síntomas del catálogo de nueve, intensidad y veces; no agrega lo que el texto no dice y las negaciones no crean eventos | D42: B · Agente e informe | F42: RF-06, RN-11, D27 | G42: M2-N | H42: 2 · Núcleo | I42: 7.2 | J42: Mié 28 | K42: 2 | M42: Pendiente | N42: =IF(M42="Hecha",1,IF(M42="En curso",0.5,0)) -> 0 | O42: ¿«Sin vómito» no crea el evento Vómito?
A43: 5.2 | B43: Servicio de estructuración | C43: Una llamada al LLM sin herramientas; valida el esquema, reintenta una vez devolviendo el error y tiene un tiempo máximo | D43: B · Agente e informe | F43: RF-06, RF-18, D27 | G43: M2-N | H43: 2 · Núcleo | I43: 5.1, 7.2 | J43: Mié 28 | K43: 2 | M43: Pendiente | N43: =IF(M43="Hecha",1,IF(M43="En curso",0.5,0)) -> 0 | O43: ¿Una salida inválida se reintenta una vez y luego se reporta el fallo?
A44: 5.3 | B44: API: proponer y confirmar | C44: Proponer no guarda nada; confirmar guarda la entrada y sus eventos en una transacción; descartar no guarda | D44: AB · Compartida | F44: RF-40, RN-11 | G44: M2-N | H44: 2 · Núcleo | I44: 5.2, 4.2 | J44: Mié 28 | K44: 2 | M44: Pendiente | N44: =IF(M44="Hecha",1,IF(M44="En curso",0.5,0)) -> 0 | O44: ¿Descartar deja la BD sin cambios y confirmar guarda todo junto?
A45: 5.4 | B45: Pantalla «Así quedaría el registro» | C45: Texto y eventos propuestos con intensidad y veces; estado «Analizando el registro…» | D45: A · Plataforma y datos | F45: RF-40, D27 | G45: M2-N | H45: 2 · Núcleo | I45: 5.3, 4.5 | J45: Mié 28 | K45: 2.5 | M45: Pendiente | N45: =IF(M45="Hecha",1,IF(M45="En curso",0.5,0)) -> 0 | O45: ¿Se ven los eventos propuestos y el estado de espera?
A46: 5.5 | B46: Quitar, agregar, editar y descartar eventos | C46: Controles de la pantalla para cambiar intensidad y veces, quitar un evento, agregar uno a mano y descartar todo | D46: A · Plataforma y datos | F46: RF-40 | G46: M2-N | H46: 2 · Núcleo | I46: 5.4 | J46: Jue 29 | K46: 2 | M46: Pendiente | N46: =IF(M46="Hecha",1,IF(M46="En curso",0.5,0)) -> 0 | O46: ¿Cada control cambia lo que se guarda?
A47: 5.6 | B47: Fallo de la estructuración | C47: Guardar solo el texto o agregar a mano; la entrada queda SIN_ESTRUCTURAR y el informe lo declara | D47: AB · Compartida | F47: RF-41, RN-08 | G47: M2-N | H47: 2 · Núcleo | I47: 5.3 | J47: Jue 29 | K47: 2 | M47: Pendiente | N47: =IF(M47="Hecha",1,IF(M47="En curso",0.5,0)) -> 0 | O47: ¿Con el proveedor caído la entrada se guarda y queda marcada?
A48: 5.7 | B48: Traza de la estructuración | C48: Fila en agent_runs de tipo ESTRUCTURACION con sus pasos | D48: B · Agente e informe | F48: RF-22 | G48: M2-N | H48: 2 · Núcleo | I48: 5.2, 8.12 | J48: Jue 29 | K48: 1 | M48: Pendiente | N48: =IF(M48="Hecha",1,IF(M48="En curso",0.5,0)) -> 0 | O48: ¿Cada estructuración deja su traza?
A49: 5.8 | B49: (Si hay tiempo) Texto corregido como versión | C49: La IA propone ortografía y puntuación junto a los eventos; se guarda como versión y el original queda intacto | D49: AB · Compartida | F49: RF-42, RN-07 | G49: M2-S | H49: 3 · Si hay tiempo | I49: 5.3, 2.4 | J49: Jue 29 | K49: 3 | M49: Pendiente | N49: =IF(M49="Hecha",1,IF(M49="En curso",0.5,0)) -> 0 | O49: ¿El original no cambia y los informes citan el original?
A50: 5.9 | B50: (Si hay tiempo) Corregir una entrada con versión | C50: Conserva la versión anterior y quién la cambió | D50: A · Plataforma y datos | F50: RF-03 | G50: M2-S | H50: 3 · Si hay tiempo | I50: 4.2, 2.4 | J50: Jue 29 | K50: 2 | M50: Pendiente | N50: =IF(M50="Hecha",1,IF(M50="En curso",0.5,0)) -> 0 | O50: ¿Tras corregir se conserva la versión anterior y quién la cambió?
A51: 6 | B51: Métricas semanales (código) | C51: Las cifras las calcula el código, nunca el LLM | D51: A · Plataforma y datos | K51: =SUMIFS(K52:K54,M52:M54,"<>Recortada") -> 6 | L51: =SUM(L52:L54) -> 0 | M51: =IF(COUNTIF(M52:M54,"Recortada")=COUNTA(M52:M54),"Recortada",IF(COUNTIF(M52:M54,"Hecha")+COUNTIF(M52:M54,"Recortada")=COUNTA(M52:M54),"Hecha",IF(COUNTIF(M52:M54,"Bloqueada")>0,"Bloqueada",IF(COUNTIF(M52:M54,"En curso")+COUNTIF(M52:M54,"Hecha")>0,"En curso","Pendiente")))) -> Pendiente | N51: =IFERROR(SUMPRODUCT((M52:M54<>"Recortada")*K52:K54*N52:N54)/K51,0) -> 0
A52: 6.1 | B52: Métricas básicas por semana | C52: Días con y sin entrada, eventos por tipo y días con cada síntoma | D52: A · Plataforma y datos | F52: RF-07, RN-04 | G52: M2-N | H52: 1 · Imprescindible | I52: 2.6 | J52: Mié 28 | K52: 2 | M52: Pendiente | N52: =IF(M52="Hecha",1,IF(M52="En curso",0.5,0)) -> 0 | O52: ¿Las cifras de una semana coinciden con el conteo manual?
A53: 6.2 | B53: Comparación entre semanas | C53: Variación y síntomas nuevos, persistentes, desaparecidos y reaparecidos | D53: A · Plataforma y datos | F53: RF-07, OBJ-02 | G53: M2-N | H53: 1 · Imprescindible | I53: 6.1 | J53: Mié 28 | K53: 2.5 | M53: Pendiente | N53: =IF(M53="Hecha",1,IF(M53="En curso",0.5,0)) -> 0 | O53: ¿Detecta el síntoma que reaparece en el paciente 1?
A54: 6.3 | B54: Pruebas contra el cálculo manual | C54: Con los datos sembrados | D54: A · Plataforma y datos | F54: RF-07, RNF-11 | G54: M2-N | H54: 2 · Núcleo | I54: 6.2, 2.8 | J54: Jue 29 | K54: 1.5 | M54: Pendiente | N54: =IF(M54="Hecha",1,IF(M54="En curso",0.5,0)) -> 0 | O54: ¿Las métricas coinciden con el cálculo manual en cada caso?
A55: 7 | B55: Capa de proveedor del LLM | C55: Proveedor y modelo elegidos con su razón, respaldo, reintentos y fallos que se pueden forzar | D55: B · Agente e informe | K55: =SUMIFS(K56:K61,M56:M61,"<>Recortada") -> 11 | L55: =SUM(L56:L61) -> 0 | M55: =IF(COUNTIF(M56:M61,"Recortada")=COUNTA(M56:M61),"Recortada",IF(COUNTIF(M56:M61,"Hecha")+COUNTIF(M56:M61,"Recortada")=COUNTA(M56:M61),"Hecha",IF(COUNTIF(M56:M61,"Bloqueada")>0,"Bloqueada",IF(COUNTIF(M56:M61,"En curso")+COUNTIF(M56:M61,"Hecha")>0,"En curso","Pendiente")))) -> Pendiente | N55: =IFERROR(SUMPRODUCT((M56:M61<>"Recortada")*K56:K61*N56:N61)/K55,0) -> 0
A56: 7.1 | B56: Elegir proveedor y modelo (D15) | C56: Verificar modelos vigentes, límites gratuitos, tool calling, ventana de contexto, latencia y costo; escribir la razón, con un respaldo | D56: B · Agente e informe | F56: D15, RNF-06 | G56: M2-N | H56: 1 · Imprescindible | I56: — | J56: Mié 28 | K56: 1.5 | M56: Pendiente | N56: =IF(M56="Hecha",1,IF(M56="En curso",0.5,0)) -> 0 | O56: ¿Hay proveedor y modelo principal y de respaldo con su razón escrita?
A57: 7.2 | B57: Interfaz de proveedor y adaptador principal | C57: Ningún SDK fuera de esa capa; llamada con herramientas y salida JSON | D57: B · Agente e informe | F57: RF-20, RF-09 | G57: M2-N | H57: 1 · Imprescindible | I57: 7.1 | J57: Mié 28 | K57: 3 | M57: Pendiente | N57: =IF(M57="Hecha",1,IF(M57="En curso",0.5,0)) -> 0 | O57: ¿Una llamada real devuelve JSON y no hay SDK fuera de la capa?
A58: 7.3 | B58: Adaptador de respaldo y selección por configuración | C58: Cambiar de proveedor es cambiar configuración, y se ve en vivo | D58: B · Agente e informe | F58: RF-19, RF-20 | G58: M2-N | H58: 1 · Imprescindible | I58: 7.2 | J58: Mié 28 | K58: 2 | M58: Pendiente | N58: =IF(M58="Hecha",1,IF(M58="En curso",0.5,0)) -> 0 | O58: ¿Cambiar una variable cambia el proveedor sin tocar código?
A59: 7.4 | B59: Reintentos y conmutación | C59: Espera de 1 s, 2 s y 4 s y luego el proveedor de respaldo; mensaje honesto sin stack trace | D59: B · Agente e informe | F59: RF-19, RNF-04 | G59: M2-N | H59: 1 · Imprescindible | I59: 7.3 | J59: Mié 28 | K59: 2 | M59: Pendiente | N59: =IF(M59="Hecha",1,IF(M59="En curso",0.5,0)) -> 0 | O59: ¿Un 429 reintenta y conmuta al respaldo sin mostrar un error crudo?
A60: 7.5 | B60: Forzar los tres fallos para la demo | C60: Interruptores de configuración para 429 o caída, timeout y salida que no valida | D60: B · Agente e informe | F60: OBJ-10, RF-19 | G60: M2-N | H60: 1 · Imprescindible | I60: 7.4, 8.8 | J60: Jue 29 | K60: 1.5 | M60: Pendiente | N60: =IF(M60="Hecha",1,IF(M60="En curso",0.5,0)) -> 0 | O60: ¿Se fuerza cada uno de los tres fallos y la app responde con un mensaje claro?
A61: 7.6 | B61: Proveedor, modelo, tokens y costo por llamada | C61: Se registran en agent_runs | D61: B · Agente e informe | F61: RNF-06, OBJ-11 | G61: M2-N | H61: 2 · Núcleo | I61: 7.2, 2.3 | J61: Mié 28 | K61: 1 | M61: Pendiente | N61: =IF(M61="Hecha",1,IF(M61="En curso",0.5,0)) -> 0 | O61: ¿Cada ejecución guarda proveedor, modelo, tokens y costo?
A62: 8 | B62: Agente de informes | C62: Herramientas, bucle, límites, validación y progreso en segundo plano | D62: B · Agente e informe | K62: =SUMIFS(K63:K75,M63:M75,"<>Recortada") -> 27.5 | L62: =SUM(L63:L75) -> 0 | M62: =IF(COUNTIF(M63:M75,"Recortada")=COUNTA(M63:M75),"Recortada",IF(COUNTIF(M63:M75,"Hecha")+COUNTIF(M63:M75,"Recortada")=COUNTA(M63:M75),"Hecha",IF(COUNTIF(M63:M75,"Bloqueada")>0,"Bloqueada",IF(COUNTIF(M63:M75,"En curso")+COUNTIF(M63:M75,"Hecha")>0,"En curso","Pendiente")))) -> Pendiente | N62: =IFERROR(SUMPRODUCT((M63:M75<>"Recortada")*K63:K75*N63:N75)/K62,0) -> 0
A63: 8.1 | B63: Inventario de herramientas | C63: Hasta 7, atómicas y de mínimo privilegio; la descripción de cada una es un prompt: cuándo usarla, cuándo NO y prerrequisitos | D63: B · Agente e informe | F63: RF-09, RF-21 | G63: M2-N | H63: 1 · Imprescindible | I63: — | J63: Mié 28 | K63: 1.5 | M63: Pendiente | N63: =IF(M63="Hecha",1,IF(M63="En curso",0.5,0)) -> 0 | O63: ¿Cada herramienta tiene descripción con cuándo usarla, cuándo no y prerrequisitos?
A64: 8.2 | B64: Herramientas de lectura | C64: Leer entradas por paciente y semana y obtener métricas; ninguna sale a internet | D64: B · Agente e informe | F64: RF-09, RF-21 | G64: M2-N | H64: 1 · Imprescindible | I64: 8.1, 6.2, 4.2 | J64: Mié 28 | K64: 2.5 | M64: Pendiente | N64: =IF(M64="Hecha",1,IF(M64="En curso",0.5,0)) -> 0 | O64: ¿Las herramientas devuelven datos del paciente y no hay acceso directo a la BD?
A65: 8.3 | B65: Herramienta de escritura | C65: Guardar el borrador en PENDIENTE_REVISION: es la única escritura del agente | D65: B · Agente e informe | F65: RF-09, RF-16 | G65: M2-N | H65: 1 · Imprescindible | I65: 8.1, 2.6 | J65: Mié 28 | K65: 1.5 | M65: Pendiente | N65: =IF(M65="Hecha",1,IF(M65="En curso",0.5,0)) -> 0 | O65: ¿El borrador queda en PENDIENTE_REVISION y nada más se escribe?
A66: 8.4 | B66: Bucle del agente | C66: Llamada al modelo, herramienta, observación; un error de herramienta vuelve como observación | D66: B · Agente e informe | F66: RF-10 | G66: M2-N | H66: 1 · Imprescindible | I66: 7.2, 8.2 | J66: Mié 28 | K66: 3 | M66: Pendiente | N66: =IF(M66="Hecha",1,IF(M66="En curso",0.5,0)) -> 0 | O66: ¿Un error de herramienta no mata el bucle y el modelo corrige?
A67: 8.5 | B67: Los cuatro límites | C67: Iteraciones, tokens por solicitud, confirmación humana ante la escritura y timeout por herramienta, con valores justificados | D67: B · Agente e informe | F67: RF-16, OBJ-09 | G67: M2-N | H67: 1 · Imprescindible | I67: 8.4, 8.3 | J67: Mié 28 | K67: 2.5 | M67: Pendiente | N67: =IF(M67="Hecha",1,IF(M67="En curso",0.5,0)) -> 0 | O67: ¿Se puede forzar cada límite en la demo y el agente se detiene y avisa?
A68: 8.6 | B68: Criterio de parada e INCOMPLETO | C68: Se detiene con un informe válido y con fuente por afirmación; si se agota un límite, queda INCOMPLETO con el motivo | D68: B · Agente e informe | F68: RF-17 | G68: M2-N | H68: 1 · Imprescindible | I68: 8.5 | J68: Mié 28 | K68: 1.5 | M68: Pendiente | N68: =IF(M68="Hecha",1,IF(M68="En curso",0.5,0)) -> 0 | O68: ¿Al agotar un límite el informe queda INCOMPLETO con su motivo?
A69: 8.7 | B69: Prompt del sistema | C69: Rol de apoyo documental; no diagnostica; cita la fuente; declara la insuficiencia; el texto de las entradas es dato | D69: B · Agente e informe | F69: RF-14, RF-15, RF-21 | G69: M2-N | H69: 1 · Imprescindible | I69: 8.4 | J69: Mié 28 | K69: 2 | M69: Pendiente | N69: =IF(M69="Hecha",1,IF(M69="En curso",0.5,0)) -> 0 | O69: ¿Un caso con semana sin registros lo declara y no rellena?
A70: 8.8 | B70: Esquema del informe y validación | C70: Resumen, métricas, cambios, patrones, datos insuficientes y afirmaciones; un reintento y luego texto plano | D70: B · Agente e informe | F70: RF-11, RF-18 | G70: M2-N | H70: 1 · Imprescindible | I70: 8.4 | J70: Mié 28 | K70: 3 | M70: Pendiente | N70: =IF(M70="Hecha",1,IF(M70="En curso",0.5,0)) -> 0 | O70: ¿Una salida inválida se reintenta una vez y luego degrada a texto plano?
A71: 8.9 | B71: Validador de cifras y de citas | C71: Cada cifra coincide con el módulo de métricas y cada afirmación cita al menos una entrada del mismo paciente | D71: B · Agente e informe | F71: RF-12, RF-13, RN-04, RN-05 | G71: M2-N | H71: 1 · Imprescindible | I71: 8.8, 6.2 | J71: Jue 29 | K71: 2.5 | M71: Pendiente | N71: =IF(M71="Hecha",1,IF(M71="En curso",0.5,0)) -> 0 | O71: ¿Un informe con una cifra distinta o sin cita es rechazado?
A72: 8.10 | B72: Ejecución en segundo plano | C72: Ejecutor en proceso con el estado en agent_runs | D72: B · Agente e informe | F72: D24 | G72: M2-N | H72: 1 · Imprescindible | I72: 8.4, 2.3 | J72: Jue 29 | K72: 3 | M72: Pendiente | N72: =IF(M72="Hecha",1,IF(M72="En curso",0.5,0)) -> 0 | O72: ¿La petición responde de inmediato y el estado se consulta en la BD?
A73: 8.11 | B73: Progreso por SSE | C73: Eventos reales desde agent_steps, reanudables por el último id | D73: B · Agente e informe | F73: D24, RNF-05 | G73: M2-N | H73: 1 · Imprescindible | I73: 8.10 | J73: Jue 29 | K73: 2 | M73: Pendiente | N73: =IF(M73="Hecha",1,IF(M73="En curso",0.5,0)) -> 0 | O73: ¿La pantalla recibe los pasos reales y se reanuda tras cortar la conexión?
A74: 8.12 | B74: Registro de la traza | C74: Herramienta pedida, parámetros, resultado, ms y tokens en agent_steps | D74: B · Agente e informe | F74: RF-22, RNF-07 | G74: M2-N | H74: 1 · Imprescindible | I74: 8.4, 2.3 | J74: Mié 28 | K74: 1.5 | M74: Pendiente | N74: =IF(M74="Hecha",1,IF(M74="En curso",0.5,0)) -> 0 | O74: ¿Cada llamada deja herramienta, parámetros, resultado, ms y tokens?
A75: 8.13 | B75: Rechazo de diagnóstico y dosis | C75: El informe lo omite aunque se lo pidan y dice que está fuera de su alcance | D75: B · Agente e informe | F75: RF-15, OBJ-08 | G75: M2-N | H75: 1 · Imprescindible | I75: 8.7 | J75: Jue 29 | K75: 1 | M75: Pendiente | N75: =IF(M75="Hecha",1,IF(M75="En curso",0.5,0)) -> 0 | O75: ¿Pedir un diagnóstico o una dosis recibe una negativa clara?
A76: 9 | B76: Informes: revisión y aprobación | C76: Pedir un informe, verlo con su evidencia, corregirlo y aprobarlo | D76: A · Plataforma y datos | K76: =SUMIFS(K77:K86,M77:M86,"<>Recortada") -> 19 | L76: =SUM(L77:L86) -> 0 | M76: =IF(COUNTIF(M77:M86,"Recortada")=COUNTA(M77:M86),"Recortada",IF(COUNTIF(M77:M86,"Hecha")+COUNTIF(M77:M86,"Recortada")=COUNTA(M77:M86),"Hecha",IF(COUNTIF(M77:M86,"Bloqueada")>0,"Bloqueada",IF(COUNTIF(M77:M86,"En curso")+COUNTIF(M77:M86,"Hecha")>0,"En curso","Pendiente")))) -> Pendiente | N76: =IFERROR(SUMPRODUCT((M77:M86<>"Recortada")*K77:K86*N77:N86)/K76,0) -> 0
A77: 9.1 | B77: API: pedir un informe semanal | C77: Paciente y semana; responde con el id de la ejecución | D77: AB · Compartida | F77: RF-08 | G77: M2-N | H77: 1 · Imprescindible | I77: 8.10 | J77: Jue 29 | K77: 1.5 | M77: Pendiente | N77: =IF(M77="Hecha",1,IF(M77="En curso",0.5,0)) -> 0 | O77: ¿Pedir un informe devuelve de inmediato el id de la ejecución?
A78: 9.2 | B78: Estados y transiciones del informe | C78: PENDIENTE_REVISION, INCOMPLETO, APROBADO y RECHAZADO validados en el servidor | D78: A · Plataforma y datos | F78: RF-23, RN-02 | G78: M2-N | H78: 1 · Imprescindible | I78: 2.6 | J78: Jue 29 | K78: 2 | M78: Pendiente | N78: =IF(M78="Hecha",1,IF(M78="En curso",0.5,0)) -> 0 | O78: ¿Una transición no permitida es rechazada por el servidor?
A79: 9.3 | B79: Editar el borrador con versiones | C79: La versión 1 del modelo no se toca; cada edición agrega una versión | D79: A · Plataforma y datos | F79: RF-25 | G79: M2-N | H79: 2 · Núcleo | I79: 9.2 | J79: Jue 29 | K79: 2 | M79: Pendiente | N79: =IF(M79="Hecha",1,IF(M79="En curso",0.5,0)) -> 0 | O79: ¿Se conserva la versión del modelo y cada edición?
A80: 9.4 | B80: Aprobar | C80: Solo enfermería; queda quién y cuándo; el médico solo ve APROBADO | D80: A · Plataforma y datos | F80: RF-26, RN-01, RN-02 | G80: M2-N | H80: 1 · Imprescindible | I80: 9.2, 3.2 | J80: Jue 29 | K80: 1.5 | M80: Pendiente | N80: =IF(M80="Hecha",1,IF(M80="En curso",0.5,0)) -> 0 | O80: ¿Solo enfermería aprueba y queda quién y cuándo?
A81: 9.5 | B81: Pantalla: pedir informe y ver el progreso | C81: Estados honestos («Consultando registros…») con los eventos SSE | D81: A · Plataforma y datos | F81: RF-08, D24 | G81: M2-N | H81: 1 · Imprescindible | I81: 9.1, 8.11 | J81: Jue 29 | K81: 2.5 | M81: Pendiente | N81: =IF(M81="Hecha",1,IF(M81="En curso",0.5,0)) -> 0 | O81: ¿Se ven pasos reales mientras el agente trabaja?
A82: 9.6 | B82: Pantalla: informe en lenguaje claro | C82: Resumen, métricas, cambios y patrones; datos insuficientes declarados | D82: A · Plataforma y datos | F82: RF-14, RF-24, RNF-09 | G82: M2-N | H82: 1 · Imprescindible | I82: 9.5 | J82: Jue 29 | K82: 2 | M82: Pendiente | N82: =IF(M82="Hecha",1,IF(M82="En curso",0.5,0)) -> 0 | O82: ¿El informe se lee en lenguaje claro y declara lo que falta?
A83: 9.7 | B83: Pantalla: evidencia a un clic | C83: Entradas citadas con fecha y texto, criterio de comparación y llamadas de herramientas | D83: A · Plataforma y datos | F83: RF-12, RF-24 | G83: M2-N | H83: 1 · Imprescindible | I83: 9.6 | J83: Jue 29 | K83: 2 | M83: Pendiente | N83: =IF(M83="Hecha",1,IF(M83="En curso",0.5,0)) -> 0 | O83: ¿Cada afirmación abre su entrada original y su criterio?
A84: 9.8 | B84: Pantalla: editar el borrador y aprobar | C84: Edición del borrador y botón de aprobar visible solo para enfermería | D84: A · Plataforma y datos | F84: RF-25, RF-26 | G84: M2-N | H84: 1 · Imprescindible | I84: 9.3, 9.4, 9.6 | J84: Jue 29 | K84: 2 | M84: Pendiente | N84: =IF(M84="Hecha",1,IF(M84="En curso",0.5,0)) -> 0 | O84: ¿Enfermería edita y aprueba desde la pantalla y el médico no ve el botón?
A85: 9.9 | B85: Pantalla: visor de trazas | C85: Cada ejecución con herramienta, parámetros, resultado, ms y tokens | D85: A · Plataforma y datos | F85: RF-22, RNF-07 | G85: M2-N | H85: 1 · Imprescindible | I85: 8.12 | J85: Jue 29 | K85: 1.5 | M85: Pendiente | N85: =IF(M85="Hecha",1,IF(M85="En curso",0.5,0)) -> 0 | O85: ¿Se ve la traza completa de una ejecución?
A86: 9.10 | B86: (Si hay tiempo) Rechazar con motivo y pedir uno nuevo | C86: Enfermería rechaza con motivo y se puede pedir otro informe del mismo período | D86: AB · Compartida | F86: RF-27 | G86: M2-S | H86: 3 · Si hay tiempo | I86: 9.2 | J86: Jue 29 | K86: 2 | M86: Pendiente | N86: =IF(M86="Hecha",1,IF(M86="En curso",0.5,0)) -> 0 | O86: ¿Rechazar exige motivo y permite pedir uno nuevo?
A87: 10 | B87: Vista del médico | C87: El médico solo ve informes aprobados | D87: A · Plataforma y datos | K87: =SUMIFS(K88:K92,M88:M92,"<>Recortada") -> 8.5 | L87: =SUM(L88:L92) -> 0 | M87: =IF(COUNTIF(M88:M92,"Recortada")=COUNTA(M88:M92),"Recortada",IF(COUNTIF(M88:M92,"Hecha")+COUNTIF(M88:M92,"Recortada")=COUNTA(M88:M92),"Hecha",IF(COUNTIF(M88:M92,"Bloqueada")>0,"Bloqueada",IF(COUNTIF(M88:M92,"En curso")+COUNTIF(M88:M92,"Hecha")>0,"En curso","Pendiente")))) -> Pendiente | N87: =IFERROR(SUMPRODUCT((M88:M92<>"Recortada")*K88:K92*N88:N92)/K87,0) -> 0
A88: 10.1 | B88: API del médico | C88: Pacientes e informes APROBADOS por paciente y período, del más reciente al más antiguo; la regla de estado va en la consulta | D88: A · Plataforma y datos | F88: RF-28, RN-01 | G88: M2-N | H88: 1 · Imprescindible | I88: 9.2 | J88: Jue 29 | K88: 1.5 | M88: Pendiente | N88: =IF(M88="Hecha",1,IF(M88="En curso",0.5,0)) -> 0 | O88: ¿Un informe pendiente no aparece para el médico?
A89: 10.2 | B89: Pantalla del médico | C89: Lista de pacientes y detalle del informe aprobado | D89: A · Plataforma y datos | F89: RF-28 | G89: M2-N | H89: 1 · Imprescindible | I89: 10.1, 9.6 | J89: Jue 29 | K89: 2 | M89: Pendiente | N89: =IF(M89="Hecha",1,IF(M89="En curso",0.5,0)) -> 0 | O89: ¿El médico ve la lista y el detalle de un informe aprobado?
A90: 10.3 | B90: (Si hay tiempo) Evidencia para el médico | C90: Entradas citadas y llamadas de herramientas en el informe aprobado | D90: A · Plataforma y datos | F90: RF-29 | G90: M2-S | H90: 3 · Si hay tiempo | I90: 10.2, 9.7 | J90: Jue 29 | K90: 1.5 | M90: Pendiente | N90: =IF(M90="Hecha",1,IF(M90="En curso",0.5,0)) -> 0 | O90: ¿El médico abre la evidencia de un informe aprobado?
A91: 10.4 | B91: (Si hay tiempo) El médico registra entradas | C91: El mismo registro con el permiso del médico; se sabe qué médico lo hizo | D91: A · Plataforma y datos | F91: RF-30, D12 | G91: M2-S | H91: 3 · Si hay tiempo | I91: 4.5, 3.2 | J91: Jue 29 | K91: 1 | M91: Pendiente | N91: =IF(M91="Hecha",1,IF(M91="En curso",0.5,0)) -> 0 | O91: ¿Una entrada del médico queda con su autor?
A92: 10.5 | B92: (Si hay tiempo) Auditoría de acciones sensibles | C92: audit_logs: aprobar, rechazar, editar y registro del médico, con quién, cuándo, antes y después | D92: A · Plataforma y datos | F92: RF-35, D12 | G92: M2-S | H92: 3 · Si hay tiempo | I92: 2.4, 9.4 | J92: Jue 29 | K92: 2.5 | M92: Pendiente | N92: =IF(M92="Hecha",1,IF(M92="En curso",0.5,0)) -> 0 | O92: ¿Cada acción sensible deja quién, cuándo, antes y después?
A93: 11 | B93: Informe mensual (RF-36) | C93: Informe de cuatro semanas completas consecutivas, cada una con informe semanal aprobado | D93: AB · Compartida | K93: =SUMIFS(K94:K96,M94:M96,"<>Recortada") -> 7 | L93: =SUM(L94:L96) -> 0 | M93: =IF(COUNTIF(M94:M96,"Recortada")=COUNTA(M94:M96),"Recortada",IF(COUNTIF(M94:M96,"Hecha")+COUNTIF(M94:M96,"Recortada")=COUNTA(M94:M96),"Hecha",IF(COUNTIF(M94:M96,"Bloqueada")>0,"Bloqueada",IF(COUNTIF(M94:M96,"En curso")+COUNTIF(M94:M96,"Hecha")>0,"En curso","Pendiente")))) -> Pendiente | N93: =IFERROR(SUMPRODUCT((M94:M96<>"Recortada")*K94:K96*N94:N96)/K93,0) -> 0
A94: 11.1 | B94: Regla de las cuatro semanas aprobadas | C94: Cuatro semanas completas consecutivas, cada una con informe semanal APROBADO; si falta una, no se genera y dice cuál | D94: A · Plataforma y datos | F94: RF-36, RN-10 | G94: M2-N | H94: 2 · Núcleo | I94: 9.4 | J94: Jue 29 | K94: 2 | M94: Pendiente | N94: =IF(M94="Hecha",1,IF(M94="En curso",0.5,0)) -> 0 | O94: ¿Con una semana sin aprobar no se genera y se indica cuál falta?
A95: 11.2 | B95: Generación del mensual | C95: El agente lee los semanales aprobados y las métricas; evolución semana a semana; guarda monthly_report_weeks | D95: B · Agente e informe | F95: RF-36, OBJ-03 | G95: M2-N | H95: 2 · Núcleo | I95: 11.1, 8.10 | J95: Jue 29 | K95: 3 | M95: Pendiente | N95: =IF(M95="Hecha",1,IF(M95="En curso",0.5,0)) -> 0 | O95: ¿El mensual del paciente 1 muestra la evolución semana a semana?
A96: 11.3 | B96: Pantalla del mensual | C96: Pedirlo, ver la evolución y el aviso de la semana que falta | D96: A · Plataforma y datos | F96: RF-36 | G96: M2-N | H96: 2 · Núcleo | I96: 11.2, 9.6 | J96: Jue 29 | K96: 2 | M96: Pendiente | N96: =IF(M96="Hecha",1,IF(M96="En curso",0.5,0)) -> 0 | O96: ¿Se pide el mensual y se ve la evolución o el aviso?
A97: 12 | B97: Evaluación y trazas visibles | C97: Casos dorados, script de la suite y las cuatro cifras de la línea base | D97: B · Agente e informe | K97: =SUMIFS(K98:K103,M98:M103,"<>Recortada") -> 13 | L97: =SUM(L98:L103) -> 0 | M97: =IF(COUNTIF(M98:M103,"Recortada")=COUNTA(M98:M103),"Recortada",IF(COUNTIF(M98:M103,"Hecha")+COUNTIF(M98:M103,"Recortada")=COUNTA(M98:M103),"Hecha",IF(COUNTIF(M98:M103,"Bloqueada")>0,"Bloqueada",IF(COUNTIF(M98:M103,"En curso")+COUNTIF(M98:M103,"Hecha")>0,"En curso","Pendiente")))) -> Pendiente | N97: =IFERROR(SUMPRODUCT((M98:M103<>"Recortada")*K98:K103*N98:N103)/K97,0) -> 0
A98: 12.1 | B98: Casos dorados | C98: 5 a 10 con la respuesta verificada a mano contra los datos, al menos uno de rechazo | D98: B · Agente e informe | F98: OBJ-08, OBJ-11 | G98: M2-N | H98: 1 · Imprescindible | I98: 2.8, 2.9, 2.10, 2.11, 2.12 | J98: Jue 29 | K98: 3 | M98: Pendiente | N98: =IF(M98="Hecha",1,IF(M98="En curso",0.5,0)) -> 0 | O98: ¿Hay de 5 a 10 casos verificados a mano y al menos uno de rechazo?
A99: 12.2 | B99: Casos de estructuración | C99: Síntomas, intensidad, veces, negaciones y sin síntomas | D99: B · Agente e informe | F99: OBJ-11, D27 | G99: M2-N | H99: 1 · Imprescindible | I99: 5.1 | J99: Jue 29 | K99: 1.5 | M99: Pendiente | N99: =IF(M99="Hecha",1,IF(M99="En curso",0.5,0)) -> 0 | O99: ¿Los casos cubren síntomas, intensidad, veces, negaciones y sin síntomas?
A100: 12.3 | B100: Script de la suite | C100: Corre los casos y también la solución convencional sin modelo, para compararlas | D100: B · Agente e informe | F100: OBJ-11, OBJ-12 | G100: M2-N | H100: 1 · Imprescindible | I100: 12.1, 12.2 | J100: Jue 29 | K100: 3 | M100: Pendiente | N100: =IF(M100="Hecha",1,IF(M100="En curso",0.5,0)) -> 0 | O100: ¿Un solo comando corre la suite completa?
A101: 12.4 | B101: Las cuatro cifras de la línea base | C101: Tasa de éxito, costo por tarea, mediana de latencia y recuperación, con fecha y método, en docs/decisiones/semana10.md | D101: B · Agente e informe | F101: OBJ-11 | G101: M2-N | H101: 1 · Imprescindible | I101: 12.3, 8.10 | J101: Jue 29 | K101: 2 | M101: Pendiente | N101: =IF(M101="Hecha",1,IF(M101="En curso",0.5,0)) -> 0 | O101: ¿Las cuatro cifras tienen fecha, método y comparación con la solución convencional?
A102: 12.5 | B102: Mapa de autonomía por acción | C102: docs/decisiones/semana06.md | D102: B · Agente e informe | F102: OBJ-09 | G102: M2-N | H102: 2 · Núcleo | I102: 8.5 | J102: Jue 29 | K102: 1.5 | M102: Pendiente | N102: =IF(M102="Hecha",1,IF(M102="En curso",0.5,0)) -> 0 | O102: ¿Cada acción del agente tiene su nivel y su razón?
...

Sheet Cronograma por día
A1: Cronograma por día — miércoles 28 a sábado 31
A2: Todo sale de la hoja EDT (columnas Día, Horas est., Responsable, Frente y Estado). Cambie el día de una tarea o márquela «Recortada» y esta hoja se recalcula sola.
A3: Personas en el equipo | C3: 2 | D3: ← suposición: el equipo son dos personas
A5: 1 · Carga por día
A6: Día | B6: Qué toca | C6: Capacidad por persona (h) | D6: Capacidad del equipo (h) | E6: Horas planeadas | F6: Carga | G6: Estado | H6: =Listas!A2 -> Breiner | I6: =Listas!A3 -> Andres | J6: Sin asignar | K6: =Listas!B2 -> A · Plataforma y datos | L6: =Listas!B3 -> B · Agente e informe | M6: =Listas!B4 -> AB · Compartida
A7: =Listas!F2 -> Mié 28 | B7: Arranque en frío, datos y semilla, registro con IA, métricas, proveedor y agente. | C7: 10 | D7: =C7*$C$3 -> 20 | E7: =SUMIFS(EDT!$K$7:$K$124,EDT!$J$7:$J$124,$A7,EDT!$M$7:$M$124,"<>Recortada") -> 77.5 | F7: =IFERROR(E7/D7,0) -> 3.875 | G7: =IF(E7>D7,"Sobrecarga","OK") -> Sobrecarga | H7: =SUMIFS(EDT!$K$7:$K$124,EDT!$J$7:$J$124,$A7,EDT!$E$7:$E$124,Listas!$A$2,EDT!$M$7:$M$124,"<>Recortada") -> 0 | I7: =SUMIFS(EDT!$K$7:$K$124,EDT!$J$7:$J$124,$A7,EDT!$E$7:$E$124,Listas!$A$3,EDT!$M$7:$M$124,"<>Recortada") -> 0 | J7: =E7-H7-I7 -> 77.5 | K7: =SUMIFS(EDT!$K$7:$K$124,EDT!$J$7:$J$124,$A7,EDT!$D$7:$D$124,Listas!$B$2,EDT!$M$7:$M$124,"<>Recortada") -> 41 | L7: =SUMIFS(EDT!$K$7:$K$124,EDT!$J$7:$J$124,$A7,EDT!$D$7:$D$124,Listas!$B$3,EDT!$M$7:$M$124,"<>Recortada") -> 32.5 | M7: =SUMIFS(EDT!$K$7:$K$124,EDT!$J$7:$J$124,$A7,EDT!$D$7:$D$124,Listas!$B$4,EDT!$M$7:$M$124,"<>Recortada") -> 4
A8: =Listas!F3 -> Jue 29 | B8: Informes (revisión y aprobación), vista del médico, mensual, evaluación, prueba en frío, tag m2-entrega y enlace en el aula virtual antes de la medianoche. | C8: 12 | D8: =C8*$C$3 -> 24 | E8: =SUMIFS(EDT!$K$7:$K$124,EDT!$J$7:$J$124,$A8,EDT!$M$7:$M$124,"<>Recortada") -> 101.5 | F8: =IFERROR(E8/D8,0) -> 4.2291667 | G8: =IF(E8>D8,"Sobrecarga","OK") -> Sobrecarga | H8: =SUMIFS(EDT!$K$7:$K$124,EDT!$J$7:$J$124,$A8,EDT!$E$7:$E$124,Listas!$A$2,EDT!$M$7:$M$124,"<>Recortada") -> 0 | I8: =SUMIFS(EDT!$K$7:$K$124,EDT!$J$7:$J$124,$A8,EDT!$E$7:$E$124,Listas!$A$3,EDT!$M$7:$M$124,"<>Recortada") -> 0 | J8: =E8-H8-I8 -> 101.5 | K8: =SUMIFS(EDT!$K$7:$K$124,EDT!$J$7:$J$124,$A8,EDT!$D$7:$D$124,Listas!$B$2,EDT!$M$7:$M$124,"<>Recortada") -> 49 | L8: =SUMIFS(EDT!$K$7:$K$124,EDT!$J$7:$J$124,$A8,EDT!$D$7:$D$124,Listas!$B$3,EDT!$M$7:$M$124,"<>Recortada") -> 27 | M8: =SUMIFS(EDT!$K$7:$K$124,EDT!$J$7:$J$124,$A8,EDT!$D$7:$D$124,Listas!$B$4,EDT!$M$7:$M$124,"<>Recortada") -> 25.5
A9: =Listas!F4 -> Vie 30 | B9: Congelado: ensayo de la demo de 6 minutos y respuestas sobre las decisiones. No se integra nada nuevo. | C9: 6 | D9: =C9*$C$3 -> 12 | E9: =SUMIFS(EDT!$K$7:$K$124,EDT!$J$7:$J$124,$A9,EDT!$M$7:$M$124,"<>Recortada") -> 4 | F9: =IFERROR(E9/D9,0) -> 0.33333333 | G9: =IF(E9>D9,"Sobrecarga","OK") -> OK | H9: =SUMIFS(EDT!$K$7:$K$124,EDT!$J$7:$J$124,$A9,EDT!$E$7:$E$124,Listas!$A$2,EDT!$M$7:$M$124,"<>Recortada") -> 0 | I9: =SUMIFS(EDT!$K$7:$K$124,EDT!$J$7:$J$124,$A9,EDT!$E$7:$E$124,Listas!$A$3,EDT!$M$7:$M$124,"<>Recortada") -> 0 | J9: =E9-H9-I9 -> 4 | K9: =SUMIFS(EDT!$K$7:$K$124,EDT!$J$7:$J$124,$A9,EDT!$D$7:$D$124,Listas!$B$2,EDT!$M$7:$M$124,"<>Recortada") -> 0 | L9: =SUMIFS(EDT!$K$7:$K$124,EDT!$J$7:$J$124,$A9,EDT!$D$7:$D$124,Listas!$B$3,EDT!$M$7:$M$124,"<>Recortada") -> 0 | M9: =SUMIFS(EDT!$K$7:$K$124,EDT!$J$7:$J$124,$A9,EDT!$D$7:$D$124,Listas!$B$4,EDT!$M$7:$M$124,"<>Recortada") -> 4
A10: =Listas!F5 -> Sáb 31 | B10: Demo en vivo: 6 minutos más 3 de preguntas. | C10: 4 | D10: =C10*$C$3 -> 8 | E10: =SUMIFS(EDT!$K$7:$K$124,EDT!$J$7:$J$124,$A10,EDT!$M$7:$M$124,"<>Recortada") -> 2 | F10: =IFERROR(E10/D10,0) -> 0.25 | G10: =IF(E10>D10,"Sobrecarga","OK") -> OK | H10: =SUMIFS(EDT!$K$7:$K$124,EDT!$J$7:$J$124,$A10,EDT!$E$7:$E$124,Listas!$A$2,EDT!$M$7:$M$124,"<>Recortada") -> 0 | I10: =SUMIFS(EDT!$K$7:$K$124,EDT!$J$7:$J$124,$A10,EDT!$E$7:$E$124,Listas!$A$3,EDT!$M$7:$M$124,"<>Recortada") -> 0 | J10: =E10-H10-I10 -> 2 | K10: =SUMIFS(EDT!$K$7:$K$124,EDT!$J$7:$J$124,$A10,EDT!$D$7:$D$124,Listas!$B$2,EDT!$M$7:$M$124,"<>Recortada") -> 0 | L10: =SUMIFS(EDT!$K$7:$K$124,EDT!$J$7:$J$124,$A10,EDT!$D$7:$D$124,Listas!$B$3,EDT!$M$7:$M$124,"<>Recortada") -> 0 | M10: =SUMIFS(EDT!$K$7:$K$124,EDT!$J$7:$J$124,$A10,EDT!$D$7:$D$124,Listas!$B$4,EDT!$M$7:$M$124,"<>Recortada") -> 2
A11: Total Mié a Sáb | D11: =SUM(D7:D10) -> 64 | E11: =SUM(E7:E10) -> 185 | F11: =IFERROR(E11/D11,0) -> 2.890625 | G11: =IF(E11>D11,"Sobrecarga","OK") -> Sobrecarga | H11: =SUM(H7:H10) -> 0 | I11: =SUM(I7:I10) -> 0 | J11: =SUM(J7:J10) -> 185 | K11: =SUM(K7:K10) -> 90 | L11: =SUM(L7:L10) -> 59.5 | M11: =SUM(M7:M10) -> 35.5
A12: Horas de sobrecarga (suma de los días que se pasan de su capacidad) | E12: =SUMPRODUCT((E7:E10>D7:D10)*(E7:E10-D7:D10)) -> 135
A14: 2 · Qué cabe antes de la medianoche del jueves (tareas planeadas para Mié y Jue)
A15: Prioridad | B15: Qué incluye | C15: Horas | D15: Acumulado (h) | E15: Capacidad Mié+Jue (h) | F15: Resultado | G15: Margen (h)
A16: =Listas!D2 -> 1 · Imprescindible | B16: Puerta de aceptación y causas de anulación: app que levanta sola, agente con sus límites, trazas y cifras, aprobación por enfermería, entrega. | C16: =SUMIFS(EDT!$K$7:$K$124,EDT!$H$7:$H$124,$A16,EDT!$J$7:$J$124,$A$7,EDT!$M$7:$M$124,"<>Recortada")+SUMIFS(EDT!$K$7:$K$124,EDT!$H$7:$H$124,$A16,EDT!$J$7:$J$124,$A$8,EDT!$M$7:$M$124,"<>Recortada") -> 115 | D16: =SUM($C$16:C16) -> 115 | E16: =$D$7+$D$8 -> 44 | F16: =IF(D16<=E16,"Cabe","No cabe") -> No cabe | G16: =E16-D16 -> -71
A17: =Listas!D3 -> 2 · Núcleo | B17: El resto del núcleo de M2 (M2-N). | C17: =SUMIFS(EDT!$K$7:$K$124,EDT!$H$7:$H$124,$A17,EDT!$J$7:$J$124,$A$7,EDT!$M$7:$M$124,"<>Recortada")+SUMIFS(EDT!$K$7:$K$124,EDT!$H$7:$H$124,$A17,EDT!$J$7:$J$124,$A$8,EDT!$M$7:$M$124,"<>Recortada") -> 44.5 | D17: =SUM($C$16:C17) -> 159.5 | E17: =$D$7+$D$8 -> 44 | F17: =IF(D17<=E17,"Cabe","No cabe") -> No cabe | G17: =E17-D17 -> -115.5
A18: =Listas!D4 -> 3 · Si hay tiempo | B18: «Si hay tiempo» (M2-S): es lo primero que se recorta. | C18: =SUMIFS(EDT!$K$7:$K$124,EDT!$H$7:$H$124,$A18,EDT!$J$7:$J$124,$A$7,EDT!$M$7:$M$124,"<>Recortada")+SUMIFS(EDT!$K$7:$K$124,EDT!$H$7:$H$124,$A18,EDT!$J$7:$J$124,$A$8,EDT!$M$7:$M$124,"<>Recortada") -> 13 | D18: =SUM($C$16:C18) -> 172.5 | E18: =$D$7+$D$8 -> 44 | F18: =IF(D18<=E18,"Cabe","No cabe") -> No cabe | G18: =E18-D18 -> -128.5
A19: =Listas!D5 -> 4 · Opcional | B19: Opcionales (PDF y voz): solo con todo lo demás cerrado. | C19: =SUMIFS(EDT!$K$7:$K$124,EDT!$H$7:$H$124,$A19,EDT!$J$7:$J$124,$A$7,EDT!$M$7:$M$124,"<>Recortada")+SUMIFS(EDT!$K$7:$K$124,EDT!$H$7:$H$124,$A19,EDT!$J$7:$J$124,$A$8,EDT!$M$7:$M$124,"<>Recortada") -> 6.5 | D19: =SUM($C$16:C19) -> 179 | E19: =$D$7+$D$8 -> 44 | F19: =IF(D19<=E19,"Cabe","No cabe") -> No cabe | G19: =E19-D19 -> -135
A20: Cómo leerlo: «Cabe» quiere decir que todo lo de esa prioridad y de las anteriores, planeado para Mié y Jue, entra en la capacidad del equipo de esos dos días. Donde aparezca el primer «No cabe» hay que recortar (Estado = Recortada en la hoja EDT) o revisar las horas estimadas con las «Horas reales».
A22: 3 · Tareas por día
A23: ID | B23: Tarea | C23: Responsable | D23: Prioridad | E23: =Listas!F2 -> Mié 28 | F23: =Listas!F3 -> Jue 29 | G23: =Listas!F4 -> Vie 30 | H23: =Listas!F5 -> Sáb 31 | I23: Estado
A24: =EDT!A8 -> 1.1 | B24: =EDT!B8 -> Quitar la exigencia de JWT_SECRET en el Momento 2 | C24: =IF(EDT!E8="","",EDT!E8) | D24: =EDT!H8 -> 1 · Imprescindible | E24: =IF(AND(EDT!$J8=E$23,EDT!$M8<>"Recortada"),EDT!$K8,"") -> 1 | F24: =IF(AND(EDT!$J8=F$23,EDT!$M8<>"Recortada"),EDT!$K8,"") | G24: =IF(AND(EDT!$J8=G$23,EDT!$M8<>"Recortada"),EDT!$K8,"") | H24: =IF(AND(EDT!$J8=H$23,EDT!$M8<>"Recortada"),EDT!$K8,"") | I24: =EDT!M8 -> Pendiente
A25: =EDT!A9 -> 1.2 | B25: =EDT!B9 -> Dockerfile del backend con CMD | C25: =IF(EDT!E9="","",EDT!E9) | D25: =EDT!H9 -> 1 · Imprescindible | E25: =IF(AND(EDT!$J9=E$23,EDT!$M9<>"Recortada"),EDT!$K9,"") -> 1 | F25: =IF(AND(EDT!$J9=F$23,EDT!$M9<>"Recortada"),EDT!$K9,"") | G25: =IF(AND(EDT!$J9=G$23,EDT!$M9<>"Recortada"),EDT!$K9,"") | H25: =IF(AND(EDT!$J9=H$23,EDT!$M9<>"Recortada"),EDT!$K9,"") | I25: =EDT!M9 -> Pendiente
A26: =EDT!A10 -> 1.3 | B26: =EDT!B10 -> Dockerfile del frontend multi-etapa | C26: =IF(EDT!E10="","",EDT!E10) | D26: =EDT!H10 -> 1 · Imprescindible | E26: =IF(AND(EDT!$J10=E$23,EDT!$M10<>"Recortada"),EDT!$K10,"") -> 1.5 | F26: =IF(AND(EDT!$J10=F$23,EDT!$M10<>"Recortada"),EDT!$K10,"") | G26: =IF(AND(EDT!$J10=G$23,EDT!$M10<>"Recortada"),EDT!$K10,"") | H26: =IF(AND(EDT!$J10=H$23,EDT!$M10<>"Recortada"),EDT!$K10,"") | I26: =EDT!M10 -> Pendiente
A27: =EDT!A11 -> 1.4 | B27: =EDT!B11 -> docker-compose.yml | C27: =IF(EDT!E11="","",EDT!E11) | D27: =EDT!H11 -> 1 · Imprescindible | E27: =IF(AND(EDT!$J11=E$23,EDT!$M11<>"Recortada"),EDT!$K11,"") -> 2 | F27: =IF(AND(EDT!$J11=F$23,EDT!$M11<>"Recortada"),EDT!$K11,"") | G27: =IF(AND(EDT!$J11=G$23,EDT!$M11<>"Recortada"),EDT!$K11,"") | H27: =IF(AND(EDT!$J11=H$23,EDT!$M11<>"Recortada"),EDT!$K11,"") | I27: =EDT!M11 -> Pendiente
A28: =EDT!A12 -> 1.5 | B28: =EDT!B12 -> .env.example | C28: =IF(EDT!E12="","",EDT!E12) | D28: =EDT!H12 -> 1 · Imprescindible | E28: =IF(AND(EDT!$J12=E$23,EDT!$M12<>"Recortada"),EDT!$K12,"") -> 0.5 | F28: =IF(AND(EDT!$J12=F$23,EDT!$M12<>"Recortada"),EDT!$K12,"") | G28: =IF(AND(EDT!$J12=G$23,EDT!$M12<>"Recortada"),EDT!$K12,"") | H28: =IF(AND(EDT!$J12=H$23,EDT!$M12<>"Recortada"),EDT!$K12,"") | I28: =EDT!M12 -> Pendiente
A29: =EDT!A13 -> 1.6 | B29: =EDT!B13 -> run.sh | C29: =IF(EDT!E13="","",EDT!E13) | D29: =EDT!H13 -> 1 · Imprescindible | E29: =IF(AND(EDT!$J13=E$23,EDT!$M13<>"Recortada"),EDT!$K13,"") -> 2 | F29: =IF(AND(EDT!$J13=F$23,EDT!$M13<>"Recortada"),EDT!$K13,"") | G29: =IF(AND(EDT!$J13=G$23,EDT!$M13<>"Recortada"),EDT!$K13,"") | H29: =IF(AND(EDT!$J13=H$23,EDT!$M13<>"Recortada"),EDT!$K13,"") | I29: =EDT!M13 -> Pendiente
A30: =EDT!A14 -> 1.7 | B30: =EDT!B14 -> Aviso de llave faltante en la app | C30: =IF(EDT!E14="","",EDT!E14) | D30: =EDT!H14 -> 1 · Imprescindible | E30: =IF(AND(EDT!$J14=E$23,EDT!$M14<>"Recortada"),EDT!$K14,"") | F30: =IF(AND(EDT!$J14=F$23,EDT!$M14<>"Recortada"),EDT!$K14,"") -> 1.5 | G30: =IF(AND(EDT!$J14=G$23,EDT!$M14<>"Recortada"),EDT!$K14,"") | H30: =IF(AND(EDT!$J14=H$23,EDT!$M14<>"Recortada"),EDT!$K14,"") | I30: =EDT!M14 -> Pendiente
A31: =EDT!A16 -> 2.1 | B31: =EDT!B16 -> V3: tablas de usuarios y entradas | C31: =IF(EDT!E16="","",EDT!E16) | D31: =EDT!H16 -> 1 · Imprescindible | E31: =IF(AND(EDT!$J16=E$23,EDT!$M16<>"Recortada"),EDT!$K16,"") -> 1.5 | F31: =IF(AND(EDT!$J16=F$23,EDT!$M16<>"Recortada"),EDT!$K16,"") | G31: =IF(AND(EDT!$J16=G$23,EDT!$M16<>"Recortada"),EDT!$K16,"") | H31: =IF(AND(EDT!$J16=H$23,EDT!$M16<>"Recortada"),EDT!$K16,"") | I31: =EDT!M16 -> Pendiente
A32: =EDT!A17 -> 2.2 | B32: =EDT!B17 -> V3: tablas de informes | C32: =IF(EDT!E17="","",EDT!E17) | D32: =EDT!H17 -> 1 · Imprescindible | E32: =IF(AND(EDT!$J17=E$23,EDT!$M17<>"Recortada"),EDT!$K17,"") -> 1.5 | F32: =IF(AND(EDT!$J17=F$23,EDT!$M17<>"Recortada"),EDT!$K17,"") | G32: =IF(AND(EDT!$J17=G$23,EDT!$M17<>"Recortada"),EDT!$K17,"") | H32: =IF(AND(EDT!$J17=H$23,EDT!$M17<>"Recortada"),EDT!$K17,"") | I32: =EDT!M17 -> Pendiente
A33: =EDT!A18 -> 2.3 | B33: =EDT!B18 -> V3: tablas del agente | C33: =IF(EDT!E18="","",EDT!E18) | D33: =EDT!H18 -> 1 · Imprescindible | E33: =IF(AND(EDT!$J18=E$23,EDT!$M18<>"Recortada"),EDT!$K18,"") -> 1 | F33: =IF(AND(EDT!$J18=F$23,EDT!$M18<>"Recortada"),EDT!$K18,"") | G33: =IF(AND(EDT!$J18=G$23,EDT!$M18<>"Recortada"),EDT!$K18,"") | H33: =IF(AND(EDT!$J18=H$23,EDT!$M18<>"Recortada"),EDT!$K18,"") | I33: =EDT!M18 -> Pendiente
A34: =EDT!A19 -> 2.4 | B34: =EDT!B19 -> V3: tablas de «si hay tiempo» | C34: =IF(EDT!E19="","",EDT!E19) | D34: =EDT!H19 -> 3 · Si hay tiempo | E34: =IF(AND(EDT!$J19=E$23,EDT!$M19<>"Recortada"),EDT!$K19,"") | F34: =IF(AND(EDT!$J19=F$23,EDT!$M19<>"Recortada"),EDT!$K19,"") -> 1 | G34: =IF(AND(EDT!$J19=G$23,EDT!$M19<>"Recortada"),EDT!$K19,"") | H34: =IF(AND(EDT!$J19=H$23,EDT!$M19<>"Recortada"),EDT!$K19,"") | I34: =EDT!M19 -> Pendiente
A35: =EDT!A20 -> 2.5 | B35: =EDT!B20 -> V4: roles y permisos del dominio | C35: =IF(EDT!E20="","",EDT!E20) | D35: =EDT!H20 -> 1 · Imprescindible | E35: =IF(AND(EDT!$J20=E$23,EDT!$M20<>"Recortada"),EDT!$K20,"") -> 1.5 | F35: =IF(AND(EDT!$J20=F$23,EDT!$M20<>"Recortada"),EDT!$K20,"") | G35: =IF(AND(EDT!$J20=G$23,EDT!$M20<>"Recortada"),EDT!$K20,"") | H35: =IF(AND(EDT!$J20=H$23,EDT!$M20<>"Recortada"),EDT!$K20,"") | I35: =EDT!M20 -> Pendiente
A36: =EDT!A21 -> 2.6 | B36: =EDT!B21 -> Entidades y repositorios | C36: =IF(EDT!E21="","",EDT!E21) | D36: =EDT!H21 -> 1 · Imprescindible | E36: =IF(AND(EDT!$J21=E$23,EDT!$M21<>"Recortada"),EDT!$K21,"") -> 2 | F36: =IF(AND(EDT!$J21=F$23,EDT!$M21<>"Recortada"),EDT!$K21,"") | G36: =IF(AND(EDT!$J21=G$23,EDT!$M21<>"Recortada"),EDT!$K21,"") | H36: =IF(AND(EDT!$J21=H$23,EDT!$M21<>"Recortada"),EDT!$K21,"") | I36: =EDT!M21 -> Pendiente
A37: =EDT!A22 -> 2.7 | B37: =EDT!B22 -> Semilla: usuarios de demostración | C37: =IF(EDT!E22="","",EDT!E22) | D37: =EDT!H22 -> 1 · Imprescindible | E37: =IF(AND(EDT!$J22=E$23,EDT!$M22<>"Recortada"),EDT!$K22,"") -> 2 | F37: =IF(AND(EDT!$J22=F$23,EDT!$M22<>"Recortada"),EDT!$K22,"") | G37: =IF(AND(EDT!$J22=G$23,EDT!$M22<>"Recortada"),EDT!$K22,"") | H37: =IF(AND(EDT!$J22=H$23,EDT!$M22<>"Recortada"),EDT!$K22,"") | I37: =EDT!M22 -> Pendiente
A38: =EDT!A23 -> 2.8 | B38: =EDT!B23 -> Datos del paciente 1 | C38: =IF(EDT!E23="","",EDT!E23) | D38: =EDT!H23 -> 1 · Imprescindible | E38: =IF(AND(EDT!$J23=E$23,EDT!$M23<>"Recortada"),EDT!$K23,"") -> 2.5 | F38: =IF(AND(EDT!$J23=F$23,EDT!$M23<>"Recortada"),EDT!$K23,"") | G38: =IF(AND(EDT!$J23=G$23,EDT!$M23<>"Recortada"),EDT!$K23,"") | H38: =IF(AND(EDT!$J23=H$23,EDT!$M23<>"Recortada"),EDT!$K23,"") | I38: =EDT!M23 -> Pendiente
A39: =EDT!A24 -> 2.9 | B39: =EDT!B24 -> Datos del paciente 2 | C39: =IF(EDT!E24="","",EDT!E24) | D39: =EDT!H24 -> 2 · Núcleo | E39: =IF(AND(EDT!$J24=E$23,EDT!$M24<>"Recortada"),EDT!$K24,"") | F39: =IF(AND(EDT!$J24=F$23,EDT!$M24<>"Recortada"),EDT!$K24,"") -> 2 | G39: =IF(AND(EDT!$J24=G$23,EDT!$M24<>"Recortada"),EDT!$K24,"") | H39: =IF(AND(EDT!$J24=H$23,EDT!$M24<>"Recortada"),EDT!$K24,"") | I39: =EDT!M24 -> Pendiente
A40: =EDT!A25 -> 2.10 | B40: =EDT!B25 -> Datos del paciente 3 | C40: =IF(EDT!E25="","",EDT!E25) | D40: =EDT!H25 -> 2 · Núcleo | E40: =IF(AND(EDT!$J25=E$23,EDT!$M25<>"Recortada"),EDT!$K25,"") | F40: =IF(AND(EDT!$J25=F$23,EDT!$M25<>"Recortada"),EDT!$K25,"") -> 1.5 | G40: =IF(AND(EDT!$J25=G$23,EDT!$M25<>"Recortada"),EDT!$K25,"") | H40: =IF(AND(EDT!$J25=H$23,EDT!$M25<>"Recortada"),EDT!$K25,"") | I40: =EDT!M25 -> Pendiente
A41: =EDT!A26 -> 2.11 | B41: =EDT!B26 -> Datos del paciente 4 | C41: =IF(EDT!E26="","",EDT!E26) | D41: =EDT!H26 -> 2 · Núcleo | E41: =IF(AND(EDT!$J26=E$23,EDT!$M26<>"Recortada"),EDT!$K26,"") | F41: =IF(AND(EDT!$J26=F$23,EDT!$M26<>"Recortada"),EDT!$K26,"") -> 1.5 | G41: =IF(AND(EDT!$J26=G$23,EDT!$M26<>"Recortada"),EDT!$K26,"") | H41: =IF(AND(EDT!$J26=H$23,EDT!$M26<>"Recortada"),EDT!$K26,"") | I41: =EDT!M26 -> Pendiente
A42: =EDT!A27 -> 2.12 | B42: =EDT!B27 -> Datos del paciente 5 | C42: =IF(EDT!E27="","",EDT!E27) | D42: =EDT!H27 -> 2 · Núcleo | E42: =IF(AND(EDT!$J27=E$23,EDT!$M27<>"Recortada"),EDT!$K27,"") | F42: =IF(AND(EDT!$J27=F$23,EDT!$M27<>"Recortada"),EDT!$K27,"") -> 1 | G42: =IF(AND(EDT!$J27=G$23,EDT!$M27<>"Recortada"),EDT!$K27,"") | H42: =IF(AND(EDT!$J27=H$23,EDT!$M27<>"Recortada"),EDT!$K27,"") | I42: =EDT!M27 -> Pendiente
... A44: =EDT!A29 -> 2.14 | B44: =EDT!B29 -> Prueba de idempotencia de la semilla | C44: =IF(EDT!E29="","",EDT!E29) | D44: =EDT!H29 -> 1 · Imprescindible | E44: =IF(AND(EDT!$J29=E$23,EDT!$M29<>"Recortada"),EDT!$K29,"") | F44: =IF(AND(EDT!$J29=F$23,EDT!$M29<>"Recortada"),EDT!$K29,"") -> 0.5 | G44: =IF(AND(EDT!$J29=G$23,EDT!$M29<>"Recortada"),EDT!$K29,"") | H44: =IF(AND(EDT!$J29=H$23,EDT!$M29<>"Recortada"),EDT!$K29,"") | I44: =EDT!M29 -> Pendiente
A45: =EDT!A31 -> 3.1 | B45: =EDT!B31 -> API de usuarios de demostración y sesión | C45: =IF(EDT!E31="","",EDT!E31) | D45: =EDT!H31 -> 1 · Imprescindible | E45: =IF(AND(EDT!$J31=E$23,EDT!$M31<>"Recortada"),EDT!$K31,"") -> 2 | F45: =IF(AND(EDT!$J31=F$23,EDT!$M31<>"Recortada"),EDT!$K31,"") | G45: =IF(AND(EDT!$J31=G$23,EDT!$M31<>"Recortada"),EDT!$K31,"") | H45: =IF(AND(EDT!$J31=H$23,EDT!$M31<>"Recortada"),EDT!$K31,"") | I45: =EDT!M31 -> Pendiente
A46: =EDT!A32 -> 3.2 | B46: =EDT!B32 -> Permisos por rol en el servidor | C46: =IF(EDT!E32="","",EDT!E32) | D46: =EDT!H32 -> 1 · Imprescindible | E46: =IF(AND(EDT!$J32=E$23,EDT!$M32<>"Recortada"),EDT!$K32,"") -> 2 | F46: =IF(AND(EDT!$J32=F$23,EDT!$M32<>"Recortada"),EDT!$K32,"") | G46: =IF(AND(EDT!$J32=G$23,EDT!$M32<>"Recortada"),EDT!$K32,"") | H46: =IF(AND(EDT!$J32=H$23,EDT!$M32<>"Recortada"),EDT!$K32,"") | I46: =EDT!M32 -> Pendiente
A47: =EDT!A33 -> 3.3 | B47: =EDT!B33 -> Pruebas automáticas de permisos | C47: =IF(EDT!E33="","",EDT!E33) | D47: =EDT!H33 -> 1 · Imprescindible | E47: =IF(AND(EDT!$J33=E$23,EDT!$M33<>"Recortada"),EDT!$K33,"") | F47: =IF(AND(EDT!$J33=F$23,EDT!$M33<>"Recortada"),EDT!$K33,"") -> 1.5 | G47: =IF(AND(EDT!$J33=G$23,EDT!$M33<>"Recortada"),EDT!$K33,"") | H47: =IF(AND(EDT!$J33=H$23,EDT!$M33<>"Recortada"),EDT!$K33,"") | I47: =EDT!M33 -> Pendiente
A48: =EDT!A34 -> 3.4 | B48: =EDT!B34 -> Pantalla de elección de usuario y guards por rol | C48: =IF(EDT!E34="","",EDT!E34) | D48: =EDT!H34 -> 1 · Imprescindible | E48: =IF(AND(EDT!$J34=E$23,EDT!$M34<>"Recortada"),EDT!$K34,"") -> 2 | F48: =IF(AND(EDT!$J34=F$23,EDT!$M34<>"Recortada"),EDT!$K34,"") | G48: =IF(AND(EDT!$J34=G$23,EDT!$M34<>"Recortada"),EDT!$K34,"") | H48: =IF(AND(EDT!$J34=H$23,EDT!$M34<>"Recortada"),EDT!$K34,"") | I48: =EDT!M34 -> Pendiente
A49: =EDT!A36 -> 4.1 | B49: =EDT!B36 -> API de pacientes | C49: =IF(EDT!E36="","",EDT!E36) | D49: =EDT!H36 -> 1 · Imprescindible | E49: =IF(AND(EDT!$J36=E$23,EDT!$M36<>"Recortada"),EDT!$K36,"") -> 1 | F49: =IF(AND(EDT!$J36=F$23,EDT!$M36<>"Recortada"),EDT!$K36,"") | G49: =IF(AND(EDT!$J36=G$23,EDT!$M36<>"Recortada"),EDT!$K36,"") | H49: =IF(AND(EDT!$J36=H$23,EDT!$M36<>"Recortada"),EDT!$K36,"") | I49: =EDT!M36 -> Pendiente
A50: =EDT!A37 -> 4.2 | B50: =EDT!B37 -> API de entradas | C50: =IF(EDT!E37="","",EDT!E37) | D50: =EDT!H37 -> 1 · Imprescindible | E50: =IF(AND(EDT!$J37=E$23,EDT!$M37<>"Recortada"),EDT!$K37,"") -> 2 | F50: =IF(AND(EDT!$J37=F$23,EDT!$M37<>"Recortada"),EDT!$K37,"") | G50: =IF(AND(EDT!$J37=G$23,EDT!$M37<>"Recortada"),EDT!$K37,"") | H50: =IF(AND(EDT!$J37=H$23,EDT!$M37<>"Recortada"),EDT!$K37,"") | I50: =EDT!M37 -> Pendiente
A51: =EDT!A38 -> 4.3 | B51: =EDT!B38 -> Pantalla: lista de pacientes y alta mínima | C51: =IF(EDT!E38="","",EDT!E38) | D51: =EDT!H38 -> 2 · Núcleo | E51: =IF(AND(EDT!$J38=E$23,EDT!$M38<>"Recortada"),EDT!$K38,"") -> 1.5 | F51: =IF(AND(EDT!$J38=F$23,EDT!$M38<>"Recortada"),EDT!$K38,"") | G51: =IF(AND(EDT!$J38=G$23,EDT!$M38<>"Recortada"),EDT!$K38,"") | H51: =IF(AND(EDT!$J38=H$23,EDT!$M38<>"Recortada"),EDT!$K38,"") | I51: =EDT!M38 -> Pendiente
A52: =EDT!A39 -> 4.4 | B52: =EDT!B39 -> Pantalla: historial del paciente | C52: =IF(EDT!E39="","",EDT!E39) | D52: =EDT!H39 -> 2 · Núcleo | E52: =IF(AND(EDT!$J39=E$23,EDT!$M39<>"Recortada"),EDT!$K39,"") -> 2 | F52: =IF(AND(EDT!$J39=F$23,EDT!$M39<>"Recortada"),EDT!$K39,"") | G52: =IF(AND(EDT!$J39=G$23,EDT!$M39<>"Recortada"),EDT!$K39,"") | H52: =IF(AND(EDT!$J39=H$23,EDT!$M39<>"Recortada"),EDT!$K39,"") | I52: =EDT!M39 -> Pendiente
A53: =EDT!A40 -> 4.5 | B53: =EDT!B40 -> Pantalla de registro | C53: =IF(EDT!E40="","",EDT!E40) | D53: =EDT!H40 -> 1 · Imprescindible | E53: =IF(AND(EDT!$J40=E$23,EDT!$M40<>"Recortada"),EDT!$K40,"") -> 1.5 | F53: =IF(AND(EDT!$J40=F$23,EDT!$M40<>"Recortada"),EDT!$K40,"") | G53: =IF(AND(EDT!$J40=G$23,EDT!$M40<>"Recortada"),EDT!$K40,"") | H53: =IF(AND(EDT!$J40=H$23,EDT!$M40<>"Recortada"),EDT!$K40,"") | I53: =EDT!M40 -> Pendiente
A54: =EDT!A42 -> 5.1 | B54: =EDT!B42 -> Esquema y prompt de la propuesta | C54: =IF(EDT!E42="","",EDT!E42) | D54: =EDT!H42 -> 2 · Núcleo | E54: =IF(AND(EDT!$J42=E$23,EDT!$M42<>"Recortada"),EDT!$K42,"") -> 2 | F54: =IF(AND(EDT!$J42=F$23,EDT!$M42<>"Recortada"),EDT!$K42,"") | G54: =IF(AND(EDT!$J42=G$23,EDT!$M42<>"Recortada"),EDT!$K42,"") | H54: =IF(AND(EDT!$J42=H$23,EDT!$M42<>"Recortada"),EDT!$K42,"") | I54: =EDT!M42 -> Pendiente
A55: =EDT!A43 -> 5.2 | B55: =EDT!B43 -> Servicio de estructuración | C55: =IF(EDT!E43="","",EDT!E43) | D55: =EDT!H43 -> 2 · Núcleo | E55: =IF(AND(EDT!$J43=E$23,EDT!$M43<>"Recortada"),EDT!$K43,"") -> 2 | F55: =IF(AND(EDT!$J43=F$23,EDT!$M43<>"Recortada"),EDT!$K43,"") | G55: =IF(AND(EDT!$J43=G$23,EDT!$M43<>"Recortada"),EDT!$K43,"") | H55: =IF(AND(EDT!$J43=H$23,EDT!$M43<>"Recortada"),EDT!$K43,"") | I55: =EDT!M43 -> Pendiente
A56: =EDT!A44 -> 5.3 | B56: =EDT!B44 -> API: proponer y confirmar | C56: =IF(EDT!E44="","",EDT!E44) | D56: =EDT!H44 -> 2 · Núcleo | E56: =IF(AND(EDT!$J44=E$23,EDT!$M44<>"Recortada"),EDT!$K44,"") -> 2 | F56: =IF(AND(EDT!$J44=F$23,EDT!$M44<>"Recortada"),EDT!$K44,"") | G56: =IF(AND(EDT!$J44=G$23,EDT!$M44<>"Recortada"),EDT!$K44,"") | H56: =IF(AND(EDT!$J44=H$23,EDT!$M44<>"Recortada"),EDT!$K44,"") | I56: =EDT!M44 -> Pendiente
A57: =EDT!A45 -> 5.4 | B57: =EDT!B45 -> Pantalla «Así quedaría el registro» | C57: =IF(EDT!E45="","",EDT!E45) | D57: =EDT!H45 -> 2 · Núcleo | E57: =IF(AND(EDT!$J45=E$23,EDT!$M45<>"Recortada"),EDT!$K45,"") -> 2.5 | F57: =IF(AND(EDT!$J45=F$23,EDT!$M45<>"Recortada"),EDT!$K45,"") | G57: =IF(AND(EDT!$J45=G$23,EDT!$M45<>"Recortada"),EDT!$K45,"") | H57: =IF(AND(EDT!$J45=H$23,EDT!$M45<>"Recortada"),EDT!$K45,"") | I57: =EDT!M45 -> Pendiente
A58: =EDT!A46 -> 5.5 | B58: =EDT!B46 -> Quitar, agregar, editar y descartar eventos | C58: =IF(EDT!E46="","",EDT!E46) | D58: =EDT!H46 -> 2 · Núcleo | E58: =IF(AND(EDT!$J46=E$23,EDT!$M46<>"Recortada"),EDT!$K46,"") | F58: =IF(AND(EDT!$J46=F$23,EDT!$M46<>"Recortada"),EDT!$K46,"") -> 2 | G58: =IF(AND(EDT!$J46=G$23,EDT!$M46<>"Recortada"),EDT!$K46,"") | H58: =IF(AND(EDT!$J46=H$23,EDT!$M46<>"Recortada"),EDT!$K46,"") | I58: =EDT!M46 -> Pendiente
A59: =EDT!A47 -> 5.6 | B59: =EDT!B47 -> Fallo de la estructuración | C59: =IF(EDT!E47="","",EDT!E47) | D59: =EDT!H47 -> 2 · Núcleo | E59: =IF(AND(EDT!$J47=E$23,EDT!$M47<>"Recortada"),EDT!$K47,"") | F59: =IF(AND(EDT!$J47=F$23,EDT!$M47<>"Recortada"),EDT!$K47,"") -> 2 | G59: =IF(AND(EDT!$J47=G$23,EDT!$M47<>"Recortada"),EDT!$K47,"") | H59: =IF(AND(EDT!$J47=H$23,EDT!$M47<>"Recortada"),EDT!$K47,"") | I59: =EDT!M47 -> Pendiente
A60: =EDT!A48 -> 5.7 | B60: =EDT!B48 -> Traza de la estructuración | C60: =IF(EDT!E48="","",EDT!E48) | D60: =EDT!H48 -> 2 · Núcleo | E60: =IF(AND(EDT!$J48=E$23,EDT!$M48<>"Recortada"),EDT!$K48,"") | F60: =IF(AND(EDT!$J48=F$23,EDT!$M48<>"Recortada"),EDT!$K48,"") -> 1 | G60: =IF(AND(EDT!$J48=G$23,EDT!$M48<>"Recortada"),EDT!$K48,"") | H60: =IF(AND(EDT!$J48=H$23,EDT!$M48<>"Recortada"),EDT!$K48,"") | I60: =EDT!M48 -> Pendiente
A61: =EDT!A49 -> 5.8 | B61: =EDT!B49 -> (Si hay tiempo) Texto corregido como versión | C61: =IF(EDT!E49="","",EDT!E49) | D61: =EDT!H49 -> 3 · Si hay tiempo | E61: =IF(AND(EDT!$J49=E$23,EDT!$M49<>"Recortada"),EDT!$K49,"") | F61: =IF(AND(EDT!$J49=F$23,EDT!$M49<>"Recortada"),EDT!$K49,"") -> 3 | G61: =IF(AND(EDT!$J49=G$23,EDT!$M49<>"Recortada"),EDT!$K49,"") | H61: =IF(AND(EDT!$J49=H$23,EDT!$M49<>"Recortada"),EDT!$K49,"") | I61: =EDT!M49 -> Pendiente
A62: =EDT!A50 -> 5.9 | B62: =EDT!B50 -> (Si hay tiempo) Corregir una entrada con versión | C62: =IF(EDT!E50="","",EDT!E50) | D62: =EDT!H50 -> 3 · Si hay tiempo | E62: =IF(AND(EDT!$J50=E$23,EDT!$M50<>"Recortada"),EDT!$K50,"") | F62: =IF(AND(EDT!$J50=F$23,EDT!$M50<>"Recortada"),EDT!$K50,"") -> 2 | G62: =IF(AND(EDT!$J50=G$23,EDT!$M50<>"Recortada"),EDT!$K50,"") | H62: =IF(AND(EDT!$J50=H$23,EDT!$M50<>"Recortada"),EDT!$K50,"") | I62: =EDT!M50 -> Pendiente
A63: =EDT!A52 -> 6.1 | B63: =EDT!B52 -> Métricas básicas por semana | C63: =IF(EDT!E52="","",EDT!E52) | D63: =EDT!H52 -> 1 · Imprescindible | E63: =IF(AND(EDT!$J52=E$23,EDT!$M52<>"Recortada"),EDT!$K52,"") -> 2 | F63: =IF(AND(EDT!$J52=F$23,EDT!$M52<>"Recortada"),EDT!$K52,"") | G63: =IF(AND(EDT!$J52=G$23,EDT!$M52<>"Recortada"),EDT!$K52,"") | H63: =IF(AND(EDT!$J52=H$23,EDT!$M52<>"Recortada"),EDT!$K52,"") | I63: =EDT!M52 -> Pendiente
A64: =EDT!A53 -> 6.2 | B64: =EDT!B53 -> Comparación entre semanas | C64: =IF(EDT!E53="","",EDT!E53) | D64: =EDT!H53 -> 1 · Imprescindible | E64: =IF(AND(EDT!$J53=E$23,EDT!$M53<>"Recortada"),EDT!$K53,"") -> 2.5 | F64: =IF(AND(EDT!$J53=F$23,EDT!$M53<>"Recortada"),EDT!$K53,"") | G64: =IF(AND(EDT!$J53=G$23,EDT!$M53<>"Recortada"),EDT!$K53,"") | H64: =IF(AND(EDT!$J53=H$23,EDT!$M53<>"Recortada"),EDT!$K53,"") | I64: =EDT!M53 -> Pendiente
A65: =EDT!A54 -> 6.3 | B65: =EDT!B54 -> Pruebas contra el cálculo manual | C65: =IF(EDT!E54="","",EDT!E54) | D65: =EDT!H54 -> 2 · Núcleo | E65: =IF(AND(EDT!$J54=E$23,EDT!$M54<>"Recortada"),EDT!$K54,"") | F65: =IF(AND(EDT!$J54=F$23,EDT!$M54<>"Recortada"),EDT!$K54,"") -> 1.5 | G65: =IF(AND(EDT!$J54=G$23,EDT!$M54<>"Recortada"),EDT!$K54,"") | H65: =IF(AND(EDT!$J54=H$23,EDT!$M54<>"Recortada"),EDT!$K54,"") | I65: =EDT!M54 -> Pendiente
A66: =EDT!A56 -> 7.1 | B66: =EDT!B56 -> Elegir proveedor y modelo (D15) | C66: =IF(EDT!E56="","",EDT!E56) | D66: =EDT!H56 -> 1 · Imprescindible | E66: =IF(AND(EDT!$J56=E$23,EDT!$M56<>"Recortada"),EDT!$K56,"") -> 1.5 | F66: =IF(AND(EDT!$J56=F$23,EDT!$M56<>"Recortada"),EDT!$K56,"") | G66: =IF(AND(EDT!$J56=G$23,EDT!$M56<>"Recortada"),EDT!$K56,"") | H66: =IF(AND(EDT!$J56=H$23,EDT!$M56<>"Recortada"),EDT!$K56,"") | I66: =EDT!M56 -> Pendiente
A67: =EDT!A57 -> 7.2 | B67: =EDT!B57 -> Interfaz de proveedor y adaptador principal | C67: =IF(EDT!E57="","",EDT!E57) | D67: =EDT!H57 -> 1 · Imprescindible | E67: =IF(AND(EDT!$J57=E$23,EDT!$M57<>"Recortada"),EDT!$K57,"") -> 3 | F67: =IF(AND(EDT!$J57=F$23,EDT!$M57<>"Recortada"),EDT!$K57,"") | G67: =IF(AND(EDT!$J57=G$23,EDT!$M57<>"Recortada"),EDT!$K57,"") | H67: =IF(AND(EDT!$J57=H$23,EDT!$M57<>"Recortada"),EDT!$K57,"") | I67: =EDT!M57 -> Pendiente
A68: =EDT!A58 -> 7.3 | B68: =EDT!B58 -> Adaptador de respaldo y selección por configuración | C68: =IF(EDT!E58="","",EDT!E58) | D68: =EDT!H58 -> 1 · Imprescindible | E68: =IF(AND(EDT!$J58=E$23,EDT!$M58<>"Recortada"),EDT!$K58,"") -> 2 | F68: =IF(AND(EDT!$J58=F$23,EDT!$M58<>"Recortada"),EDT!$K58,"") | G68: =IF(AND(EDT!$J58=G$23,EDT!$M58<>"Recortada"),EDT!$K58,"") | H68: =IF(AND(EDT!$J58=H$23,EDT!$M58<>"Recortada"),EDT!$K58,"") | I68: =EDT!M58 -> Pendiente
A69: =EDT!A59 -> 7.4 | B69: =EDT!B59 -> Reintentos y conmutación | C69: =IF(EDT!E59="","",EDT!E59) | D69: =EDT!H59 -> 1 · Imprescindible | E69: =IF(AND(EDT!$J59=E$23,EDT!$M59<>"Recortada"),EDT!$K59,"") -> 2 | F69: =IF(AND(EDT!$J59=F$23,EDT!$M59<>"Recortada"),EDT!$K59,"") | G69: =IF(AND(EDT!$J59=G$23,EDT!$M59<>"Recortada"),EDT!$K59,"") | H69: =IF(AND(EDT!$J59=H$23,EDT!$M59<>"Recortada"),EDT!$K59,"") | I69: =EDT!M59 -> Pendiente
A70: =EDT!A60 -> 7.5 | B70: =EDT!B60 -> Forzar los tres fallos para la demo | C70: =IF(EDT!E60="","",EDT!E60) | D70: =EDT!H60 -> 1 · Imprescindible | E70: =IF(AND(EDT!$J60=E$23,EDT!$M60<>"Recortada"),EDT!$K60,"") | F70: =IF(AND(EDT!$J60=F$23,EDT!$M60<>"Recortada"),EDT!$K60,"") -> 1.5 | G70: =IF(AND(EDT!$J60=G$23,EDT!$M60<>"Recortada"),EDT!$K60,"") | H70: =IF(AND(EDT!$J60=H$23,EDT!$M60<>"Recortada"),EDT!$K60,"") | I70: =EDT!M60 -> Pendiente
A71: =EDT!A61 -> 7.6 | B71: =EDT!B61 -> Proveedor, modelo, tokens y costo por llamada | C71: =IF(EDT!E61="","",EDT!E61) | D71: =EDT!H61 -> 2 · Núcleo | E71: =IF(AND(EDT!$J61=E$23,EDT!$M61<>"Recortada"),EDT!$K61,"") -> 1 | F71: =IF(AND(EDT!$J61=F$23,EDT!$M61<>"Recortada"),EDT!$K61,"") | G71: =IF(AND(EDT!$J61=G$23,EDT!$M61<>"Recortada"),EDT!$K61,"") | H71: =IF(AND(EDT!$J61=H$23,EDT!$M61<>"Recortada"),EDT!$K61,"") | I71: =EDT!M61 -> Pendiente
A72: =EDT!A63 -> 8.1 | B72: =EDT!B63 -> Inventario de herramientas | C72: =IF(EDT!E63="","",EDT!E63) | D72: =EDT!H63 -> 1 · Imprescindible | E72: =IF(AND(EDT!$J63=E$23,EDT!$M63<>"Recortada"),EDT!$K63,"") -> 1.5 | F72: =IF(AND(EDT!$J63=F$23,EDT!$M63<>"Recortada"),EDT!$K63,"") | G72: =IF(AND(EDT!$J63=G$23,EDT!$M63<>"Recortada"),EDT!$K63,"") | H72: =IF(AND(EDT!$J63=H$23,EDT!$M63<>"Recortada"),EDT!$K63,"") | I72: =EDT!M63 -> Pendiente
A73: =EDT!A64 -> 8.2 | B73: =EDT!B64 -> Herramientas de lectura | C73: =IF(EDT!E64="","",EDT!E64) | D73: =EDT!H64 -> 1 · Imprescindible | E73: =IF(AND(EDT!$J64=E$23,EDT!$M64<>"Recortada"),EDT!$K64,"") -> 2.5 | F73: =IF(AND(EDT!$J64=F$23,EDT!$M64<>"Recortada"),EDT!$K64,"") | G73: =IF(AND(EDT!$J64=G$23,EDT!$M64<>"Recortada"),EDT!$K64,"") | H73: =IF(AND(EDT!$J64=H$23,EDT!$M64<>"Recortada"),EDT!$K64,"") | I73: =EDT!M64 -> Pendiente
A74: =EDT!A65 -> 8.3 | B74: =EDT!B65 -> Herramienta de escritura | C74: =IF(EDT!E65="","",EDT!E65) | D74: =EDT!H65 -> 1 · Imprescindible | E74: =IF(AND(EDT!$J65=E$23,EDT!$M65<>"Recortada"),EDT!$K65,"") -> 1.5 | F74: =IF(AND(EDT!$J65=F$23,EDT!$M65<>"Recortada"),EDT!$K65,"") | G74: =IF(AND(EDT!$J65=G$23,EDT!$M65<>"Recortada"),EDT!$K65,"") | H74: =IF(AND(EDT!$J65=H$23,EDT!$M65<>"Recortada"),EDT!$K65,"") | I74: =EDT!M65 -> Pendiente
A75: =EDT!A66 -> 8.4 | B75: =EDT!B66 -> Bucle del agente | C75: =IF(EDT!E66="","",EDT!E66) | D75: =EDT!H66 -> 1 · Imprescindible | E75: =IF(AND(EDT!$J66=E$23,EDT!$M66<>"Recortada"),EDT!$K66,"") -> 3 | F75: =IF(AND(EDT!$J66=F$23,EDT!$M66<>"Recortada"),EDT!$K66,"") | G75: =IF(AND(EDT!$J66=G$23,EDT!$M66<>"Recortada"),EDT!$K66,"") | H75: =IF(AND(EDT!$J66=H$23,EDT!$M66<>"Recortada"),EDT!$K66,"") | I75: =EDT!M66 -> Pendiente
A76: =EDT!A67 -> 8.5 | B76: =EDT!B67 -> Los cuatro límites | C76: =IF(EDT!E67="","",EDT!E67) | D76: =EDT!H67 -> 1 · Imprescindible | E76: =IF(AND(EDT!$J67=E$23,EDT!$M67<>"Recortada"),EDT!$K67,"") -> 2.5 | F76: =IF(AND(EDT!$J67=F$23,EDT!$M67<>"Recortada"),EDT!$K67,"") | G76: =IF(AND(EDT!$J67=G$23,EDT!$M67<>"Recortada"),EDT!$K67,"") | H76: =IF(AND(EDT!$J67=H$23,EDT!$M67<>"Recortada"),EDT!$K67,"") | I76: =EDT!M67 -> Pendiente
A77: =EDT!A68 -> 8.6 | B77: =EDT!B68 -> Criterio de parada e INCOMPLETO | C77: =IF(EDT!E68="","",EDT!E68) | D77: =EDT!H68 -> 1 · Imprescindible | E77: =IF(AND(EDT!$J68=E$23,EDT!$M68<>"Recortada"),EDT!$K68,"") -> 1.5 | F77: =IF(AND(EDT!$J68=F$23,EDT!$M68<>"Recortada"),EDT!$K68,"") | G77: =IF(AND(EDT!$J68=G$23,EDT!$M68<>"Recortada"),EDT!$K68,"") | H77: =IF(AND(EDT!$J68=H$23,EDT!$M68<>"Recortada"),EDT!$K68,"") | I77: =EDT!M68 -> Pendiente
A78: =EDT!A69 -> 8.7 | B78: =EDT!B69 -> Prompt del sistema | C78: =IF(EDT!E69="","",EDT!E69) | D78: =EDT!H69 -> 1 · Imprescindible | E78: =IF(AND(EDT!$J69=E$23,EDT!$M69<>"Recortada"),EDT!$K69,"") -> 2 | F78: =IF(AND(EDT!$J69=F$23,EDT!$M69<>"Recortada"),EDT!$K69,"") | G78: =IF(AND(EDT!$J69=G$23,EDT!$M69<>"Recortada"),EDT!$K69,"") | H78: =IF(AND(EDT!$J69=H$23,EDT!$M69<>"Recortada"),EDT!$K69,"") | I78: =EDT!M69 -> Pendiente
A79: =EDT!A70 -> 8.8 | B79: =EDT!B70 -> Esquema del informe y validación | C79: =IF(EDT!E70="","",EDT!E70) | D79: =EDT!H70 -> 1 · Imprescindible | E79: =IF(AND(EDT!$J70=E$23,EDT!$M70<>"Recortada"),EDT!$K70,"") -> 3 | F79: =IF(AND(EDT!$J70=F$23,EDT!$M70<>"Recortada"),EDT!$K70,"") | G79: =IF(AND(EDT!$J70=G$23,EDT!$M70<>"Recortada"),EDT!$K70,"") | H79: =IF(AND(EDT!$J70=H$23,EDT!$M70<>"Recortada"),EDT!$K70,"") | I79: =EDT!M70 -> Pendiente
A80: =EDT!A71 -> 8.9 | B80: =EDT!B71 -> Validador de cifras y de citas | C80: =IF(EDT!E71="","",EDT!E71) | D80: =EDT!H71 -> 1 · Imprescindible | E80: =IF(AND(EDT!$J71=E$23,EDT!$M71<>"Recortada"),EDT!$K71,"") | F80: =IF(AND(EDT!$J71=F$23,EDT!$M71<>"Recortada"),EDT!$K71,"") -> 2.5 | G80: =IF(AND(EDT!$J71=G$23,EDT!$M71<>"Recortada"),EDT!$K71,"") | H80: =IF(AND(EDT!$J71=H$23,EDT!$M71<>"Recortada"),EDT!$K71,"") | I80: =EDT!M71 -> Pendiente
A81: =EDT!A72 -> 8.10 | B81: =EDT!B72 -> Ejecución en segundo plano | C81: =IF(EDT!E72="","",EDT!E72) | D81: =EDT!H72 -> 1 · Imprescindible | E81: =IF(AND(EDT!$J72=E$23,EDT!$M72<>"Recortada"),EDT!$K72,"") | F81: =IF(AND(EDT!$J72=F$23,EDT!$M72<>"Recortada"),EDT!$K72,"") -> 3 | G81: =IF(AND(EDT!$J72=G$23,EDT!$M72<>"Recortada"),EDT!$K72,"") | H81: =IF(AND(EDT!$J72=H$23,EDT!$M72<>"Recortada"),EDT!$K72,"") | I81: =EDT!M72 -> Pendiente
A82: =EDT!A73 -> 8.11 | B82: =EDT!B73 -> Progreso por SSE | C82: =IF(EDT!E73="","",EDT!E73) | D82: =EDT!H73 -> 1 · Imprescindible | E82: =IF(AND(EDT!$J73=E$23,EDT!$M73<>"Recortada"),EDT!$K73,"") | F82: =IF(AND(EDT!$J73=F$23,EDT!$M73<>"Recortada"),EDT!$K73,"") -> 2 | G82: =IF(AND(EDT!$J73=G$23,EDT!$M73<>"Recortada"),EDT!$K73,"") | H82: =IF(AND(EDT!$J73=H$23,EDT!$M73<>"Recortada"),EDT!$K73,"") | I82: =EDT!M73 -> Pendiente
A83: =EDT!A74 -> 8.12 | B83: =EDT!B74 -> Registro de la traza | C83: =IF(EDT!E74="","",EDT!E74) | D83: =EDT!H74 -> 1 · Imprescindible | E83: =IF(AND(EDT!$J74=E$23,EDT!$M74<>"Recortada"),EDT!$K74,"") -> 1.5 | F83: =IF(AND(EDT!$J74=F$23,EDT!$M74<>"Recortada"),EDT!$K74,"") | G83: =IF(AND(EDT!$J74=G$23,EDT!$M74<>"Recortada"),EDT!$K74,"") | H83: =IF(AND(EDT!$J74=H$23,EDT!$M74<>"Recortada"),EDT!$K74,"") | I83: =EDT!M74 -> Pendiente
A84: =EDT!A75 -> 8.13 | B84: =EDT!B75 -> Rechazo de diagnóstico y dosis | C84: =IF(EDT!E75="","",EDT!E75) | D84: =EDT!H75 -> 1 · Imprescindible | E84: =IF(AND(EDT!$J75=E$23,EDT!$M75<>"Recortada"),EDT!$K75,"") | F84: =IF(AND(EDT!$J75=F$23,EDT!$M75<>"Recortada"),EDT!$K75,"") -> 1 | G84: =IF(AND(EDT!$J75=G$23,EDT!$M75<>"Recortada"),EDT!$K75,"") | H84: =IF(AND(EDT!$J75=H$23,EDT!$M75<>"Recortada"),EDT!$K75,"") | I84: =EDT!M75 -> Pendiente
A85: =EDT!A77 -> 9.1 | B85: =EDT!B77 -> API: pedir un informe semanal | C85: =IF(EDT!E77="","",EDT!E77) | D85: =EDT!H77 -> 1 · Imprescindible | E85: =IF(AND(EDT!$J77=E$23,EDT!$M77<>"Recortada"),EDT!$K77,"") | F85: =IF(AND(EDT!$J77=F$23,EDT!$M77<>"Recortada"),EDT!$K77,"") -> 1.5 | G85: =IF(AND(EDT!$J77=G$23,EDT!$M77<>"Recortada"),EDT!$K77,"") | H85: =IF(AND(EDT!$J77=H$23,EDT!$M77<>"Recortada"),EDT!$K77,"") | I85: =EDT!M77 -> Pendiente
A86: =EDT!A78 -> 9.2 | B86: =EDT!B78 -> Estados y transiciones del informe | C86: =IF(EDT!E78="","",EDT!E78) | D86: =EDT!H78 -> 1 · Imprescindible | E86: =IF(AND(EDT!$J78=E$23,EDT!$M78<>"Recortada"),EDT!$K78,"") | F86: =IF(AND(EDT!$J78=F$23,EDT!$M78<>"Recortada"),EDT!$K78,"") -> 2 | G86: =IF(AND(EDT!$J78=G$23,EDT!$M78<>"Recortada"),EDT!$K78,"") | H86: =IF(AND(EDT!$J78=H$23,EDT!$M78<>"Recortada"),EDT!$K78,"") | I86: =EDT!M78 -> Pendiente
A87: =EDT!A79 -> 9.3 | B87: =EDT!B79 -> Editar el borrador con versiones | C87: =IF(EDT!E79="","",EDT!E79) | D87: =EDT!H79 -> 2 · Núcleo | E87: =IF(AND(EDT!$J79=E$23,EDT!$M79<>"Recortada"),EDT!$K79,"") | F87: =IF(AND(EDT!$J79=F$23,EDT!$M79<>"Recortada"),EDT!$K79,"") -> 2 | G87: =IF(AND(EDT!$J79=G$23,EDT!$M79<>"Recortada"),EDT!$K79,"") | H87: =IF(AND(EDT!$J79=H$23,EDT!$M79<>"Recortada"),EDT!$K79,"") | I87: =EDT!M79 -> Pendiente
A88: =EDT!A80 -> 9.4 | B88: =EDT!B80 -> Aprobar | C88: =IF(EDT!E80="","",EDT!E80) | D88: =EDT!H80 -> 1 · Imprescindible | E88: =IF(AND(EDT!$J80=E$23,EDT!$M80<>"Recortada"),EDT!$K80,"") | F88: =IF(AND(EDT!$J80=F$23,EDT!$M80<>"Recortada"),EDT!$K80,"") -> 1.5 | G88: =IF(AND(EDT!$J80=G$23,EDT!$M80<>"Recortada"),EDT!$K80,"") | H88: =IF(AND(EDT!$J80=H$23,EDT!$M80<>"Recortada"),EDT!$K80,"") | I88: =EDT!M80 -> Pendiente
A89: =EDT!A81 -> 9.5 | B89: =EDT!B81 -> Pantalla: pedir informe y ver el progreso | C89: =IF(EDT!E81="","",EDT!E81) | D89: =EDT!H81 -> 1 · Imprescindible | E89: =IF(AND(EDT!$J81=E$23,EDT!$M81<>"Recortada"),EDT!$K81,"") | F89: =IF(AND(EDT!$J81=F$23,EDT!$M81<>"Recortada"),EDT!$K81,"") -> 2.5 | G89: =IF(AND(EDT!$J81=G$23,EDT!$M81<>"Recortada"),EDT!$K81,"") | H89: =IF(AND(EDT!$J81=H$23,EDT!$M81<>"Recortada"),EDT!$K81,"") | I89: =EDT!M81 -> Pendiente
A90: =EDT!A82 -> 9.6 | B90: =EDT!B82 -> Pantalla: informe en lenguaje claro | C90: =IF(EDT!E82="","",EDT!E82) | D90: =EDT!H82 -> 1 · Imprescindible | E90: =IF(AND(EDT!$J82=E$23,EDT!$M82<>"Recortada"),EDT!$K82,"") | F90: =IF(AND(EDT!$J82=F$23,EDT!$M82<>"Recortada"),EDT!$K82,"") -> 2 | G90: =IF(AND(EDT!$J82=G$23,EDT!$M82<>"Recortada"),EDT!$K82,"") | H90: =IF(AND(EDT!$J82=H$23,EDT!$M82<>"Recortada"),EDT!$K82,"") | I90: =EDT!M82 -> Pendiente
A91: =EDT!A83 -> 9.7 | B91: =EDT!B83 -> Pantalla: evidencia a un clic | C91: =IF(EDT!E83="","",EDT!E83) | D91: =EDT!H83 -> 1 · Imprescindible | E91: =IF(AND(EDT!$J83=E$23,EDT!$M83<>"Recortada"),EDT!$K83,"") | F91: =IF(AND(EDT!$J83=F$23,EDT!$M83<>"Recortada"),EDT!$K83,"") -> 2 | G91: =IF(AND(EDT!$J83=G$23,EDT!$M83<>"Recortada"),EDT!$K83,"") | H91: =IF(AND(EDT!$J83=H$23,EDT!$M83<>"Recortada"),EDT!$K83,"") | I91: =EDT!M83 -> Pendiente
A92: =EDT!A84 -> 9.8 | B92: =EDT!B84 -> Pantalla: editar el borrador y aprobar | C92: =IF(EDT!E84="","",EDT!E84) | D92: =EDT!H84 -> 1 · Imprescindible | E92: =IF(AND(EDT!$J84=E$23,EDT!$M84<>"Recortada"),EDT!$K84,"") | F92: =IF(AND(EDT!$J84=F$23,EDT!$M84<>"Recortada"),EDT!$K84,"") -> 2 | G92: =IF(AND(EDT!$J84=G$23,EDT!$M84<>"Recortada"),EDT!$K84,"") | H92: =IF(AND(EDT!$J84=H$23,EDT!$M84<>"Recortada"),EDT!$K84,"") | I92: =EDT!M84 -> Pendiente
A93: =EDT!A85 -> 9.9 | B93: =EDT!B85 -> Pantalla: visor de trazas | C93: =IF(EDT!E85="","",EDT!E85) | D93: =EDT!H85 -> 1 · Imprescindible | E93: =IF(AND(EDT!$J85=E$23,EDT!$M85<>"Recortada"),EDT!$K85,"") | F93: =IF(AND(EDT!$J85=F$23,EDT!$M85<>"Recortada"),EDT!$K85,"") -> 1.5 | G93: =IF(AND(EDT!$J85=G$23,EDT!$M85<>"Recortada"),EDT!$K85,"") | H93: =IF(AND(EDT!$J85=H$23,EDT!$M85<>"Recortada"),EDT!$K85,"") | I93: =EDT!M85 -> Pendiente
A94: =EDT!A86 -> 9.10 | B94: =EDT!B86 -> (Si hay tiempo) Rechazar con motivo y pedir uno nuevo | C94: =IF(EDT!E86="","",EDT!E86) | D94: =EDT!H86 -> 3 · Si hay tiempo | E94: =IF(AND(EDT!$J86=E$23,EDT!$M86<>"Recortada"),EDT!$K86,"") | F94: =IF(AND(EDT!$J86=F$23,EDT!$M86<>"Recortada"),EDT!$K86,"") -> 2 | G94: =IF(AND(EDT!$J86=G$23,EDT!$M86<>"Recortada"),EDT!$K86,"") | H94: =IF(AND(EDT!$J86=H$23,EDT!$M86<>"Recortada"),EDT!$K86,"") | I94: =EDT!M86 -> Pendiente
A95: =EDT!A88 -> 10.1 | B95: =EDT!B88 -> API del médico | C95: =IF(EDT!E88="","",EDT!E88) | D95: =EDT!H88 -> 1 · Imprescindible | E95: =IF(AND(EDT!$J88=E$23,EDT!$M88<>"Recortada"),EDT!$K88,"") | F95: =IF(AND(EDT!$J88=F$23,EDT!$M88<>"Recortada"),EDT!$K88,"") -> 1.5 | G95: =IF(AND(EDT!$J88=G$23,EDT!$M88<>"Recortada"),EDT!$K88,"") | H95: =IF(AND(EDT!$J88=H$23,EDT!$M88<>"Recortada"),EDT!$K88,"") | I95: =EDT!M88 -> Pendiente
A96: =EDT!A89 -> 10.2 | B96: =EDT!B89 -> Pantalla del médico | C96: =IF(EDT!E89="","",EDT!E89) | D96: =EDT!H89 -> 1 · Imprescindible | E96: =IF(AND(EDT!$J89=E$23,EDT!$M89<>"Recortada"),EDT!$K89,"") | F96: =IF(AND(EDT!$J89=F$23,EDT!$M89<>"Recortada"),EDT!$K89,"") -> 2 | G96: =IF(AND(EDT!$J89=G$23,EDT!$M89<>"Recortada"),EDT!$K89,"") | H96: =IF(AND(EDT!$J89=H$23,EDT!$M89<>"Recortada"),EDT!$K89,"") | I96: =EDT!M89 -> Pendiente
A97: =EDT!A90 -> 10.3 | B97: =EDT!B90 -> (Si hay tiempo) Evidencia para el médico | C97: =IF(EDT!E90="","",EDT!E90) | D97: =EDT!H90 -> 3 · Si hay tiempo | E97: =IF(AND(EDT!$J90=E$23,EDT!$M90<>"Recortada"),EDT!$K90,"") | F97: =IF(AND(EDT!$J90=F$23,EDT!$M90<>"Recortada"),EDT!$K90,"") -> 1.5 | G97: =IF(AND(EDT!$J90=G$23,EDT!$M90<>"Recortada"),EDT!$K90,"") | H97: =IF(AND(EDT!$J90=H$23,EDT!$M90<>"Recortada"),EDT!$K90,"") | I97: =EDT!M90 -> Pendiente
A98: =EDT!A91 -> 10.4 | B98: =EDT!B91 -> (Si hay tiempo) El médico registra entradas | C98: =IF(EDT!E91="","",EDT!E91) | D98: =EDT!H91 -> 3 · Si hay tiempo | E98: =IF(AND(EDT!$J91=E$23,EDT!$M91<>"Recortada"),EDT!$K91,"") | F98: =IF(AND(EDT!$J91=F$23,EDT!$M91<>"Recortada"),EDT!$K91,"") -> 1 | G98: =IF(AND(EDT!$J91=G$23,EDT!$M91<>"Recortada"),EDT!$K91,"") | H98: =IF(AND(EDT!$J91=H$23,EDT!$M91<>"Recortada"),EDT!$K91,"") | I98: =EDT!M91 -> Pendiente
A99: =EDT!A92 -> 10.5 | B99: =EDT!B92 -> (Si hay tiempo) Auditoría de acciones sensibles | C99: =IF(EDT!E92="","",EDT!E92) | D99: =EDT!H92 -> 3 · Si hay tiempo | E99: =IF(AND(EDT!$J92=E$23,EDT!$M92<>"Recortada"),EDT!$K92,"") | F99: =IF(AND(EDT!$J92=F$23,EDT!$M92<>"Recortada"),EDT!$K92,"") -> 2.5 | G99: =IF(AND(EDT!$J92=G$23,EDT!$M92<>"Recortada"),EDT!$K92,"") | H99: =IF(AND(EDT!$J92=H$23,EDT!$M92<>"Recortada"),EDT!$K92,"") | I99: =EDT!M92 -> Pendiente
A100: =EDT!A94 -> 11.1 | B100: =EDT!B94 -> Regla de las cuatro semanas aprobadas | C100: =IF(EDT!E94="","",EDT!E94) | D100: =EDT!H94 -> 2 · Núcleo | E100: =IF(AND(EDT!$J94=E$23,EDT!$M94<>"Recortada"),EDT!$K94,"") | F100: =IF(AND(EDT!$J94=F$23,EDT!$M94<>"Recortada"),EDT!$K94,"") -> 2 | G100: =IF(AND(EDT!$J94=G$23,EDT!$M94<>"Recortada"),EDT!$K94,"") | H100: =IF(AND(EDT!$J94=H$23,EDT!$M94<>"Recortada"),EDT!$K94,"") | I100: =EDT!M94 -> Pendiente
A101: =EDT!A95 -> 11.2 | B101: =EDT!B95 -> Generación del mensual | C101: =IF(EDT!E95="","",EDT!E95) | D101: =EDT!H95 -> 2 · Núcleo | E101: =IF(AND(EDT!$J95=E$23,EDT!$M95<>"Recortada"),EDT!$K95,"") | F101: =IF(AND(EDT!$J95=F$23,EDT!$M95<>"Recortada"),EDT!$K95,"") -> 3 | G101: =IF(AND(EDT!$J95=G$23,EDT!$M95<>"Recortada"),EDT!$K95,"") | H101: =IF(AND(EDT!$J95=H$23,EDT!$M95<>"Recortada"),EDT!$K95,"") | I101: =EDT!M95 -> Pendiente
A102: =EDT!A96 -> 11.3 | B102: =EDT!B96 -> Pantalla del mensual | C102: =IF(EDT!E96="","",EDT!E96) | D102: =EDT!H96 -> 2 · Núcleo | E102: =IF(AND(EDT!$J96=E$23,EDT!$M96<>"Recortada"),EDT!$K96,"") | F102: =IF(AND(EDT!$J96=F$23,EDT!$M96<>"Recortada"),EDT!$K96,"") -> 2 | G102: =IF(AND(EDT!$J96=G$23,EDT!$M96<>"Recortada"),EDT!$K96,"") | H102: =IF(AND(EDT!$J96=H$23,EDT!$M96<>"Recortada"),EDT!$K96,"") | I102: =EDT!M96 -> Pendiente
A103: =EDT!A98 -> 12.1 | B103: =EDT!B98 -> Casos dorados | C103: =IF(EDT!E98="","",EDT!E98) | D103: =EDT!H98 -> 1 · Imprescindible | E103: =IF(AND(EDT!$J98=E$23,EDT!$M98<>"Recortada"),EDT!$K98,"") | F103: =IF(AND(EDT!$J98=F$23,EDT!$M98<>"Recortada"),EDT!$K98,"") -> 3 | G103: =IF(AND(EDT!$J98=G$23,EDT!$M98<>"Recortada"),EDT!$K98,"") | H103: =IF(AND(EDT!$J98=H$23,EDT!$M98<>"Recortada"),EDT!$K98,"") | I103: =EDT!M98 -> Pendiente
A104: =EDT!A99 -> 12.2 | B104: =EDT!B99 -> Casos de estructuración | C104: =IF(EDT!E99="","",EDT!E99) | D104: =EDT!H99 -> 1 · Imprescindible | E104: =IF(AND(EDT!$J99=E$23,EDT!$M99<>"Recortada"),EDT!$K99,"") | F104: =IF(AND(EDT!$J99=F$23,EDT!$M99<>"Recortada"),EDT!$K99,"") -> 1.5 | G104: =IF(AND(EDT!$J99=G$23,EDT!$M99<>"Recortada"),EDT!$K99,"") | H104: =IF(AND(EDT!$J99=H$23,EDT!$M99<>"Recortada"),EDT!$K99,"") | I104: =EDT!M99 -> Pendiente
...

Sheet Listas
A1: Responsable | B1: Frente | C1: Hito | D1: Prioridad | E1: Estado | F1: Día
A2: Breiner | B2: A · Plataforma y datos | C2: M2-N | D2: 1 · Imprescindible | E2: Pendiente | F2: Mié 28
A3: Andres | B3: B · Agente e informe | C3: M2-S | D3: 2 · Núcleo | E3: En curso | F3: Jue 29
B4: AB · Compartida | C4: Opc | D4: 3 · Si hay tiempo | E4: Bloqueada | F4: Vie 30
D5: 4 · Opcional | E5: Hecha | F5: Sáb 31
E6: Recortada
A9: Estas listas alimentan los desplegables de la hoja EDT y los encabezados del Cronograma.
A10: Si cambia un nombre aquí (por ejemplo un día), cámbielo también en la hoja EDT con Buscar y reemplazar.
A11: El equipo son dos personas; el Cronograma muestra una columna por cada una de las dos primeras filas de «Responsable».
